2025-03-06 19:56:37,728 - Gui.python.logging_config - WARNING - Initialized variables for QtApplication
2025-03-06 19:56:37,729 - Gui.python.logging_config - INFO - Using default theme
2025-03-06 19:58:08,035 - Gui.python.logging_config - ERROR - Could not shutdown Peltier: 'QtApplication' object has no attribute 'PeltierCooling'
2025-03-06 20:03:44,499 - Gui.python.logging_config - WARNING - Initialized variables for QtApplication
2025-03-06 20:03:44,500 - Gui.python.logging_config - INFO - Using default theme
2025-03-06 20:04:30,528 - Gui.python.logging_config - ERROR - Could not shutdown Peltier: 'QtApplication' object has no attribute 'PeltierCooling'
2025-03-06 20:04:41,750 - Gui.python.logging_config - WARNING - Initialized variables for QtApplication
2025-03-06 20:04:41,751 - Gui.python.logging_config - INFO - Using default theme
2025-03-06 20:13:55,643 - Gui.python.logging_config - ERROR - Could not shutdown Peltier: 'QtApplication' object has no attribute 'PeltierCooling'
2025-03-06 20:30:36,629 - Gui.python.logging_config - WARNING - Initialized variables for QtApplication
2025-03-06 20:30:36,629 - Gui.python.logging_config - INFO - Using default theme
2025-03-06 20:31:37,158 - Gui.python.logging_config - ERROR - Could not shutdown Peltier: 'QtApplication' object has no attribute 'PeltierCooling'
2025-03-06 20:31:45,561 - Gui.python.logging_config - WARNING - Initialized variables for QtApplication
2025-03-06 20:31:45,562 - Gui.python.logging_config - INFO - Using default theme
2025-03-06 20:32:34,477 - Gui.python.logging_config - ERROR - Could not shutdown Peltier: 'QtApplication' object has no attribute 'PeltierCooling'
2025-03-06 20:32:39,828 - Gui.python.logging_config - WARNING - Initialized variables for QtApplication
2025-03-06 20:32:39,829 - Gui.python.logging_config - INFO - Using default theme
2025-03-06 20:37:30,744 - Gui.python.logging_config - ERROR - Could not shutdown Peltier: 'QtApplication' object has no attribute 'PeltierCooling'
2025-03-06 20:38:05,476 - Gui.python.logging_config - WARNING - Initialized variables for QtApplication
2025-03-06 20:38:05,477 - Gui.python.logging_config - INFO - Using default theme
2025-03-06 21:48:42,725 - Gui.python.logging_config - WARNING - Initialized variables for QtApplication
2025-03-06 21:48:42,726 - Gui.python.logging_config - INFO - Using default theme
2025-03-06 21:50:05,775 - Gui.python.logging_config - INFO - defaultdict(<function <lambda> at 0x7fd717553af0>, {})
2025-03-06 21:51:04,471 - Gui.python.logging_config - WARNING - Initialized variables for QtApplication
2025-03-06 21:51:04,471 - Gui.python.logging_config - INFO - Using default theme
2025-03-06 21:54:06,579 - Gui.python.logging_config - ERROR - Could not shutdown Peltier: 'QtApplication' object has no attribute 'PeltierCooling'
2025-03-06 21:54:12,769 - Gui.python.logging_config - WARNING - Initialized variables for QtApplication
2025-03-06 21:54:12,769 - Gui.python.logging_config - INFO - Using default theme
2025-03-06 21:57:03,329 - Gui.python.logging_config - INFO - defaultdict(<function <lambda> at 0x7f47cd012b80>, {})
2025-03-06 22:01:29,945 - Gui.python.logging_config - ERROR - Could not shutdown Peltier: 'QtApplication' object has no attribute 'PeltierCooling'
2025-03-06 22:01:58,954 - Gui.python.logging_config - WARNING - Initialized variables for QtApplication
2025-03-06 22:01:58,955 - Gui.python.logging_config - INFO - Using default theme
2025-03-06 22:03:28,218 - Gui.python.logging_config - INFO - defaultdict(<function <lambda> at 0x7f32478f3b80>, {})
2025-03-07 14:36:03,577 - Gui.python.logging_config - ERROR - Could not shutdown Peltier: 'QtApplication' object has no attribute 'PeltierCooling'
2025-03-07 14:36:10,776 - Gui.python.logging_config - WARNING - Initialized variables for QtApplication
2025-03-07 14:36:10,777 - Gui.python.logging_config - INFO - Using default theme
2025-03-07 14:42:56,023 - Gui.python.logging_config - INFO - defaultdict(<function <lambda> at 0x7efd5ca72b80>, {})
2025-03-07 14:45:27,350 - Gui.python.logging_config - ERROR - Could not shutdown Peltier: 'QtApplication' object has no attribute 'PeltierCooling'
2025-03-10 13:46:54,479 - Gui.python.logging_config - WARNING - Initialized variables for QtApplication
2025-03-10 13:46:54,480 - Gui.python.logging_config - INFO - Using default theme
2025-03-10 13:48:01,403 - Gui.python.logging_config - INFO - defaultdict(<function <lambda> at 0x7f46d938fb80>, {})
2025-03-10 13:55:50,016 - Gui.python.logging_config - ERROR - Could not shutdown Peltier: 'QtApplication' object has no attribute 'PeltierCooling'
2025-03-10 13:56:18,398 - Gui.python.logging_config - WARNING - Initialized variables for QtApplication
2025-03-10 13:56:18,399 - Gui.python.logging_config - INFO - Using default theme
2025-03-10 13:57:50,892 - Gui.python.logging_config - INFO - defaultdict(<function <lambda> at 0x7f3d5d887c10>, {})
2025-03-10 14:05:07,595 - Gui.python.logging_config - ERROR - Could not shutdown Peltier: 'QtApplication' object has no attribute 'PeltierCooling'
2025-03-10 14:05:14,015 - Gui.python.logging_config - WARNING - Initialized variables for QtApplication
2025-03-10 14:05:14,016 - Gui.python.logging_config - INFO - Using default theme
2025-03-10 15:05:15,970 - Gui.python.logging_config - ERROR - Could not shutdown Peltier: 'QtApplication' object has no attribute 'PeltierCooling'
2025-03-10 15:05:35,878 - Gui.python.logging_config - WARNING - Initialized variables for QtApplication
2025-03-10 15:05:35,879 - Gui.python.logging_config - INFO - Using default theme
2025-03-10 15:15:10,036 - Gui.python.logging_config - INFO - defaultdict(<function <lambda> at 0x7f3627d60b80>, {})
2025-03-10 15:16:02,031 - Gui.python.logging_config - WARNING - Initialized variables for QtApplication
2025-03-10 15:16:02,032 - Gui.python.logging_config - INFO - Using default theme
2025-03-10 15:20:54,805 - Gui.python.logging_config - ERROR - Could not shutdown Peltier: 'QtApplication' object has no attribute 'SimpleMain'
2025-03-10 15:22:08,549 - Gui.python.logging_config - WARNING - Initialized variables for QtApplication
2025-03-10 15:22:08,550 - Gui.python.logging_config - INFO - Using default theme
2025-03-10 15:37:34,817 - Gui.python.logging_config - ERROR - Could not shutdown Peltier: 'QtApplication' object has no attribute 'PeltierCooling'
2025-03-10 15:37:43,960 - Gui.python.logging_config - WARNING - Initialized variables for QtApplication
2025-03-10 15:37:43,961 - Gui.python.logging_config - INFO - Using default theme
2025-03-10 15:39:34,634 - Gui.python.logging_config - ERROR - Could not shutdown Peltier: 'QtApplication' object has no attribute 'SimpleMain'
2025-03-10 15:39:39,726 - Gui.python.logging_config - WARNING - Initialized variables for QtApplication
2025-03-10 15:39:39,727 - Gui.python.logging_config - INFO - Using default theme
2025-03-10 15:43:39,961 - Gui.python.logging_config - ERROR - Could not shutdown Peltier: 'QtApplication' object has no attribute 'PeltierCooling'
2025-03-10 15:44:12,192 - Gui.python.logging_config - WARNING - Initialized variables for QtApplication
2025-03-10 15:44:12,193 - Gui.python.logging_config - INFO - Using default theme
2025-03-10 15:49:33,003 - Gui.python.logging_config - ERROR - Could not shutdown Peltier: 'QtApplication' object has no attribute 'PeltierCooling'
2025-03-10 15:50:37,017 - Gui.python.logging_config - WARNING - Initialized variables for QtApplication
2025-03-10 15:50:37,018 - Gui.python.logging_config - INFO - Using default theme
2025-03-10 15:54:42,838 - Gui.python.logging_config - ERROR - Could not shutdown Peltier: 'QtApplication' object has no attribute 'PeltierCooling'
2025-03-10 15:55:08,545 - Gui.python.logging_config - WARNING - Initialized variables for QtApplication
2025-03-10 15:55:08,546 - Gui.python.logging_config - INFO - Using default theme
2025-03-10 15:58:10,823 - Gui.python.logging_config - WARNING - Initialized variables for QtApplication
2025-03-10 15:58:10,824 - Gui.python.logging_config - INFO - Using default theme
2025-03-10 16:03:27,559 - Gui.python.logging_config - ERROR - Could not shutdown Peltier: 'QtApplication' object has no attribute 'PeltierCooling'
2025-03-10 16:03:31,558 - Gui.python.logging_config - WARNING - Initialized variables for QtApplication
2025-03-10 16:03:31,559 - Gui.python.logging_config - INFO - Using default theme
2025-03-10 16:06:13,422 - Gui.python.logging_config - ERROR - Could not shutdown Peltier: 'QtApplication' object has no attribute 'PeltierCooling'
2025-03-10 16:06:23,463 - Gui.python.logging_config - WARNING - Initialized variables for QtApplication
2025-03-10 16:06:23,464 - Gui.python.logging_config - INFO - Using default theme
2025-03-10 16:07:03,877 - Gui.python.logging_config - WARNING - Initialized variables for QtApplication
2025-03-10 16:07:03,877 - Gui.python.logging_config - INFO - Using default theme
2025-03-10 16:09:42,906 - Gui.python.logging_config - ERROR - Could not shutdown Peltier: 'QtApplication' object has no attribute 'PeltierCooling'
2025-03-10 16:09:48,384 - Gui.python.logging_config - WARNING - Initialized variables for QtApplication
2025-03-10 16:09:48,385 - Gui.python.logging_config - INFO - Using default theme
2025-03-10 16:11:34,793 - Gui.python.logging_config - INFO - defaultdict(<function <lambda> at 0x7f1a9c412b80>, {})
2025-03-10 16:11:34,804 - Gui.python.logging_config - INFO - defaultdict(<function <lambda> at 0x7f1a9c412b80>, {})
2025-03-10 16:12:58,794 - Gui.python.logging_config - WARNING - Initialized variables for QtApplication
2025-03-10 16:12:58,795 - Gui.python.logging_config - INFO - Using default theme
2025-03-10 16:16:43,315 - Gui.python.logging_config - INFO - defaultdict(<function <lambda> at 0x7f96f9364b80>, {})
2025-03-10 16:16:43,333 - Gui.python.logging_config - INFO - defaultdict(<function <lambda> at 0x7f96f9364b80>, {})
2025-03-10 16:20:43,940 - Gui.python.logging_config - ERROR - Could not shutdown Peltier: 'QtApplication' object has no attribute 'PeltierCooling'
2025-03-10 16:22:18,931 - Gui.python.logging_config - WARNING - Initialized variables for QtApplication
2025-03-10 16:22:18,931 - Gui.python.logging_config - INFO - Using default theme
2025-03-10 16:23:38,507 - Gui.python.logging_config - INFO - defaultdict(<function <lambda> at 0x7fd5c4d37b80>, {})
2025-03-10 16:23:38,531 - Gui.python.logging_config - INFO - defaultdict(<function <lambda> at 0x7fd5c4d37b80>, {})
2025-03-10 16:27:30,702 - Gui.python.logging_config - INFO - defaultdict(<function <lambda> at 0x7fd5c4d37b80>, {})
2025-03-10 16:27:30,727 - Gui.python.logging_config - INFO - defaultdict(<function <lambda> at 0x7fd5c4d37b80>, {})
2025-03-10 16:32:01,065 - Gui.python.logging_config - ERROR - Could not shutdown Peltier: 'QtApplication' object has no attribute 'PeltierCooling'
2025-03-10 16:32:26,265 - Gui.python.logging_config - WARNING - Initialized variables for QtApplication
2025-03-10 16:32:26,266 - Gui.python.logging_config - INFO - Using default theme
2025-03-10 16:38:19,078 - Gui.python.logging_config - ERROR - Could not shutdown Peltier: 'QtApplication' object has no attribute 'PeltierCooling'
2025-03-10 16:38:44,501 - Gui.python.logging_config - WARNING - Initialized variables for QtApplication
2025-03-10 16:38:44,502 - Gui.python.logging_config - INFO - Using default theme
2025-03-10 16:40:25,176 - Gui.python.logging_config - INFO - defaultdict(<function <lambda> at 0x7f1833620b80>, {})
2025-03-10 16:43:09,144 - Gui.python.logging_config - WARNING - Initialized variables for QtApplication
2025-03-10 16:43:09,145 - Gui.python.logging_config - INFO - Using default theme
2025-03-10 16:45:23,047 - Gui.python.logging_config - INFO - defaultdict(<function <lambda> at 0x7fdb9eb04b80>, {})
2025-03-10 16:45:23,060 - Gui.python.logging_config - INFO - defaultdict(<function <lambda> at 0x7fdb9eb04b80>, {})
2025-03-10 16:47:47,419 - Gui.python.logging_config - WARNING - Initialized variables for QtApplication
2025-03-10 16:47:47,420 - Gui.python.logging_config - INFO - Using default theme
2025-03-10 16:50:32,158 - Gui.python.logging_config - ERROR - Could not shutdown Peltier: 'QtApplication' object has no attribute 'PeltierCooling'
2025-03-10 16:59:35,568 - Gui.python.logging_config - WARNING - Initialized variables for QtApplication
2025-03-10 16:59:35,568 - Gui.python.logging_config - INFO - Using default theme
2025-03-10 17:01:43,484 - Gui.python.logging_config - INFO - defaultdict(<function <lambda> at 0x7f3fa2fafb80>, {})
2025-03-10 17:02:45,681 - Gui.python.logging_config - ERROR - Could not shutdown Peltier: 'QtApplication' object has no attribute 'PeltierCooling'
2025-03-10 17:03:17,341 - Gui.python.logging_config - WARNING - Initialized variables for QtApplication
2025-03-10 17:03:17,341 - Gui.python.logging_config - INFO - Using default theme
2025-03-10 17:04:53,668 - Gui.python.logging_config - INFO - defaultdict(<function <lambda> at 0x7f2d36f8db80>, {})
2025-03-10 17:04:53,680 - Gui.python.logging_config - INFO - defaultdict(<function <lambda> at 0x7f2d36f8db80>, {})
2025-03-10 17:33:12,997 - Gui.python.logging_config - ERROR - Could not shutdown Peltier: 'QtApplication' object has no attribute 'PeltierCooling'
2025-03-10 17:36:50,700 - Gui.python.logging_config - WARNING - Initialized variables for QtApplication
2025-03-10 17:36:50,700 - Gui.python.logging_config - INFO - Using default theme
2025-03-10 17:39:03,751 - Gui.python.logging_config - INFO - defaultdict(<function <lambda> at 0x7f6a22b14b80>, {})
2025-03-10 17:39:03,763 - Gui.python.logging_config - INFO - defaultdict(<function <lambda> at 0x7f6a22b14b80>, {})
2025-03-10 17:45:54,680 - Gui.python.logging_config - WARNING - Initialized variables for QtApplication
2025-03-10 17:45:54,681 - Gui.python.logging_config - INFO - Using default theme
2025-03-10 17:54:51,841 - Gui.python.logging_config - INFO - defaultdict(<function <lambda> at 0x7f4c999b1b80>, {})
2025-03-10 17:56:55,790 - Gui.python.logging_config - WARNING - Initialized variables for QtApplication
2025-03-10 17:56:55,791 - Gui.python.logging_config - INFO - Using default theme
2025-03-10 18:05:09,604 - Gui.python.logging_config - ERROR - Could not shutdown Peltier: 'QtApplication' object has no attribute 'PeltierCooling'
2025-03-10 18:43:18,080 - Gui.python.logging_config - WARNING - Initialized variables for QtApplication
2025-03-10 18:43:18,080 - Gui.python.logging_config - INFO - Using default theme
2025-03-10 18:44:39,232 - Gui.python.logging_config - INFO - defaultdict(<function <lambda> at 0x7facb7e8fb80>, {})
2025-03-10 18:46:20,680 - Gui.python.logging_config - WARNING - Initialized variables for QtApplication
2025-03-10 18:46:20,682 - Gui.python.logging_config - INFO - Using default theme
2025-03-10 18:49:00,751 - Gui.python.logging_config - INFO - defaultdict(<function <lambda> at 0x7f534d5b7b80>, {})
2025-03-10 19:47:01,077 - Gui.python.logging_config - WARNING - Initialized variables for QtApplication
2025-03-10 19:47:01,078 - Gui.python.logging_config - INFO - Using default theme
2025-03-10 19:48:43,444 - Gui.python.logging_config - ERROR - Could not shutdown Peltier: 'QtApplication' object has no attribute 'PeltierCooling'
2025-03-11 15:23:36,045 - Gui.python.logging_config - WARNING - Initialized variables for QtApplication
2025-03-11 15:23:36,046 - Gui.python.logging_config - INFO - Using default theme
2025-03-11 15:24:46,456 - Gui.python.logging_config - ERROR - Could not shutdown Peltier: 'QtApplication' object has no attribute 'SimpleMain'
2025-03-11 15:50:27,944 - Gui.python.logging_config - WARNING - Initialized variables for QtApplication
2025-03-11 15:50:27,945 - Gui.python.logging_config - INFO - Using default theme
2025-03-11 15:52:32,942 - Gui.python.logging_config - INFO - defaultdict(<function <lambda> at 0x7f95a031eaf0>, {})
2025-03-11 15:56:17,715 - Gui.python.logging_config - WARNING - Initialized variables for QtApplication
2025-03-11 15:56:17,716 - Gui.python.logging_config - INFO - Using default theme
2025-03-11 15:57:34,451 - Gui.python.logging_config - INFO - defaultdict(<function <lambda> at 0x7fa611818b80>, {})
2025-03-11 15:58:41,125 - Gui.python.logging_config - INFO - defaultdict(<function <lambda> at 0x7fa611818b80>, {})
2025-03-11 15:59:37,543 - Gui.python.logging_config - INFO - defaultdict(<function <lambda> at 0x7fa611818b80>, {})
2025-03-11 16:00:31,501 - Gui.python.logging_config - INFO - defaultdict(<function <lambda> at 0x7fa611818b80>, {})
2025-03-11 16:01:21,842 - Gui.python.logging_config - INFO - defaultdict(<function <lambda> at 0x7fa611818b80>, {})
2025-03-11 16:02:31,893 - Gui.python.logging_config - WARNING - Initialized variables for QtApplication
2025-03-11 16:02:31,894 - Gui.python.logging_config - INFO - Using default theme
2025-03-11 16:18:10,759 - Gui.python.logging_config - ERROR - Could not shutdown Peltier: 'QtApplication' object has no attribute 'PeltierCooling'
2025-03-11 16:23:56,466 - Gui.python.logging_config - WARNING - Initialized variables for QtApplication
2025-03-11 16:23:56,466 - Gui.python.logging_config - INFO - Using default theme
2025-03-11 16:25:30,999 - Gui.python.logging_config - INFO - defaultdict(<function <lambda> at 0x7f49b1c0eb80>, {})
2025-03-11 16:29:34,125 - Gui.python.logging_config - ERROR - Could not shutdown Peltier: 'QtApplication' object has no attribute 'PeltierCooling'
2025-03-11 16:32:16,074 - Gui.python.logging_config - WARNING - Initialized variables for QtApplication
2025-03-11 16:32:16,075 - Gui.python.logging_config - INFO - Using default theme
2025-03-11 16:33:25,060 - Gui.python.logging_config - INFO - defaultdict(<function <lambda> at 0x7fb92cf54b80>, {})
2025-03-11 16:35:28,090 - Gui.python.logging_config - INFO - defaultdict(<function <lambda> at 0x7fb92cf54b80>, {})
2025-03-11 16:37:23,583 - Gui.python.logging_config - INFO - defaultdict(<function <lambda> at 0x7fb92cf54b80>, {})
2025-03-11 16:38:15,427 - Gui.python.logging_config - INFO - defaultdict(<function <lambda> at 0x7fb92cf54b80>, {})
2025-03-11 16:39:17,448 - Gui.python.logging_config - INFO - defaultdict(<function <lambda> at 0x7fb92cf54b80>, {})
2025-03-11 16:41:37,119 - Gui.python.logging_config - WARNING - Initialized variables for QtApplication
2025-03-11 16:41:37,120 - Gui.python.logging_config - INFO - Using default theme
2025-03-11 16:45:04,087 - Gui.python.logging_config - ERROR - Could not shutdown Peltier: 'QtApplication' object has no attribute 'PeltierCooling'
2025-03-11 16:45:08,322 - Gui.python.logging_config - WARNING - Initialized variables for QtApplication
2025-03-11 16:45:08,323 - Gui.python.logging_config - INFO - Using default theme
2025-03-11 16:51:03,617 - Gui.python.logging_config - ERROR - Could not shutdown Peltier: 'QtApplication' object has no attribute 'PeltierCooling'
2025-03-11 16:51:09,102 - Gui.python.logging_config - WARNING - Initialized variables for QtApplication
2025-03-11 16:51:09,103 - Gui.python.logging_config - INFO - Using default theme
2025-03-11 16:53:49,957 - Gui.python.logging_config - WARNING - Initialized variables for QtApplication
2025-03-11 16:53:49,958 - Gui.python.logging_config - INFO - Using default theme
2025-03-11 16:58:47,630 - Gui.python.logging_config - INFO - defaultdict(<function <lambda> at 0x7f9589cbbb80>, {})
2025-03-11 16:59:47,972 - Gui.python.logging_config - INFO - defaultdict(<function <lambda> at 0x7f9589cbbb80>, {})
2025-03-11 17:00:39,909 - Gui.python.logging_config - INFO - defaultdict(<function <lambda> at 0x7f9589cbbb80>, {})
2025-03-11 17:01:34,925 - Gui.python.logging_config - INFO - defaultdict(<function <lambda> at 0x7f9589cbbb80>, {})
2025-03-11 17:02:26,601 - Gui.python.logging_config - INFO - defaultdict(<function <lambda> at 0x7f9589cbbb80>, {})
2025-03-11 17:05:13,992 - Gui.python.logging_config - WARNING - Initialized variables for QtApplication
2025-03-11 17:05:13,993 - Gui.python.logging_config - INFO - Using default theme
2025-03-11 17:07:57,078 - Gui.python.logging_config - INFO - defaultdict(<function <lambda> at 0x7fcb1e219b80>, {})
2025-03-11 17:09:19,614 - Gui.python.logging_config - WARNING - Initialized variables for QtApplication
2025-03-11 17:09:19,614 - Gui.python.logging_config - INFO - Using default theme
2025-03-11 17:12:29,366 - Gui.python.logging_config - ERROR - Could not shutdown Peltier: 'QtApplication' object has no attribute 'PeltierCooling'
2025-03-11 17:13:07,027 - Gui.python.logging_config - WARNING - Initialized variables for QtApplication
2025-03-11 17:13:07,027 - Gui.python.logging_config - INFO - Using default theme
2025-03-11 17:14:31,690 - Gui.python.logging_config - ERROR - Could not shutdown Peltier: 'QtApplication' object has no attribute 'PeltierCooling'
2025-03-11 17:14:38,330 - Gui.python.logging_config - WARNING - Initialized variables for QtApplication
2025-03-11 17:14:38,330 - Gui.python.logging_config - INFO - Using default theme
2025-03-11 17:14:59,482 - Gui.python.logging_config - ERROR - Could not shutdown Peltier: 'QtApplication' object has no attribute 'PeltierCooling'
2025-03-11 17:15:04,219 - Gui.python.logging_config - WARNING - Initialized variables for QtApplication
2025-03-11 17:15:04,220 - Gui.python.logging_config - INFO - Using default theme
2025-03-11 17:16:21,825 - Gui.python.logging_config - INFO - defaultdict(<function <lambda> at 0x7fb50f743b80>, {})
2025-03-11 17:17:20,553 - Gui.python.logging_config - INFO - defaultdict(<function <lambda> at 0x7fb50f743b80>, {})
2025-03-11 17:18:15,758 - Gui.python.logging_config - INFO - defaultdict(<function <lambda> at 0x7fb50f743b80>, {})
2025-03-11 17:19:11,928 - Gui.python.logging_config - INFO - defaultdict(<function <lambda> at 0x7fb50f743b80>, {})
2025-03-11 17:20:05,000 - Gui.python.logging_config - INFO - defaultdict(<function <lambda> at 0x7fb50f743b80>, {})
2025-03-11 17:22:51,838 - Gui.python.logging_config - ERROR - Could not shutdown Peltier: 'QtApplication' object has no attribute 'PeltierCooling'
2025-03-11 17:34:30,704 - Gui.python.logging_config - WARNING - Initialized variables for QtApplication
2025-03-11 17:34:30,704 - Gui.python.logging_config - INFO - Using default theme
2025-03-11 17:36:38,664 - Gui.python.logging_config - INFO - defaultdict(<function <lambda> at 0x7f0e0c5a4c10>, {})
2025-03-11 17:37:35,263 - Gui.python.logging_config - INFO - defaultdict(<function <lambda> at 0x7f0e0c5a4c10>, {})
2025-03-11 17:38:27,347 - Gui.python.logging_config - INFO - defaultdict(<function <lambda> at 0x7f0e0c5a4c10>, {})
2025-03-11 17:39:20,156 - Gui.python.logging_config - INFO - defaultdict(<function <lambda> at 0x7f0e0c5a4c10>, {})
2025-03-11 17:40:08,977 - Gui.python.logging_config - INFO - defaultdict(<function <lambda> at 0x7f0e0c5a4c10>, {})
2025-03-11 18:01:46,569 - Gui.python.logging_config - ERROR - Could not shutdown Peltier: 'QtApplication' object has no attribute 'PeltierCooling'
2025-03-11 18:02:00,265 - Gui.python.logging_config - WARNING - Initialized variables for QtApplication
2025-03-11 18:02:00,266 - Gui.python.logging_config - INFO - Using default theme
2025-03-11 18:05:07,463 - Gui.python.logging_config - INFO - defaultdict(<function <lambda> at 0x7fbcca2f8b80>, {})
2025-03-11 18:06:07,926 - Gui.python.logging_config - INFO - defaultdict(<function <lambda> at 0x7fbcca2f8b80>, {})
2025-03-11 18:07:01,163 - Gui.python.logging_config - INFO - defaultdict(<function <lambda> at 0x7fbcca2f8b80>, {})
2025-03-11 18:07:54,191 - Gui.python.logging_config - INFO - defaultdict(<function <lambda> at 0x7fbcca2f8b80>, {})
2025-03-11 18:08:42,718 - Gui.python.logging_config - INFO - defaultdict(<function <lambda> at 0x7fbcca2f8b80>, {})
2025-03-11 18:15:26,661 - Gui.python.logging_config - ERROR - Could not shutdown Peltier: 'QtApplication' object has no attribute 'PeltierCooling'
2025-03-11 18:15:31,292 - Gui.python.logging_config - WARNING - Initialized variables for QtApplication
2025-03-11 18:15:31,293 - Gui.python.logging_config - INFO - Using default theme
2025-03-11 18:16:47,685 - Gui.python.logging_config - INFO - defaultdict(<function <lambda> at 0x7fe72720eb80>, {})
2025-03-11 18:17:57,794 - Gui.python.logging_config - INFO - Creating /home/cmsTkUser/Ph2_ACF_GUI/Gui/.tmp/Run000033
2025-03-11 18:17:57,984 - Gui.python.logging_config - INFO - /home/cmsTkUser/Ph2_ACF_GUI/Gui/.tmp/Run000033/D_B(0)_O(0)_H(0)_TriggerID_Chip(12).svg is saved
2025-03-11 18:17:57,989 - Gui.python.logging_config - INFO - Displaying /home/cmsTkUser/Ph2_ACF_GUI/Gui/.tmp/Run000033/D_B(0)_O(0)_H(0)_TriggerID_Chip(12).svg
2025-03-11 18:28:48,064 - Gui.python.logging_config - ERROR - Could not shutdown Peltier: 'QtApplication' object has no attribute 'PeltierCooling'
2025-03-17 18:48:33,632 - Gui.python.logging_config - WARNING - Initialized variables for QtApplication
2025-03-17 18:48:33,634 - Gui.python.logging_config - INFO - Using default theme
2025-03-17 18:49:34,933 - Gui.python.logging_config - ERROR - Could not shutdown Peltier: 'QtApplication' object has no attribute 'SimpleMain'
2025-03-17 18:49:49,624 - Gui.python.logging_config - WARNING - Initialized variables for QtApplication
2025-03-17 18:49:49,625 - Gui.python.logging_config - INFO - Using default theme
2025-03-17 18:51:59,360 - Gui.python.logging_config - WARNING - Initialized variables for QtApplication
2025-03-17 18:51:59,361 - Gui.python.logging_config - INFO - Using default theme
2025-03-17 18:52:06,804 - Gui.python.logging_config - ERROR - Could not shutdown Peltier: 'QtApplication' object has no attribute 'PeltierCooling'
2025-03-17 18:52:53,230 - Gui.python.logging_config - WARNING - Initialized variables for QtApplication
2025-03-17 18:52:53,231 - Gui.python.logging_config - INFO - Using default theme
2025-03-17 18:53:36,449 - Gui.python.logging_config - WARNING - Initialized variables for QtApplication
2025-03-17 18:53:36,450 - Gui.python.logging_config - INFO - Using default theme
2025-03-17 18:56:08,586 - Gui.python.logging_config - WARNING - Initialized variables for QtApplication
2025-03-17 18:56:08,587 - Gui.python.logging_config - INFO - Using default theme
2025-03-17 18:56:55,417 - Gui.python.logging_config - ERROR - Could not shutdown Peltier: 'QtApplication' object has no attribute 'PeltierCooling'
2025-03-17 18:58:20,116 - Gui.python.logging_config - WARNING - Initialized variables for QtApplication
2025-03-17 18:58:20,117 - Gui.python.logging_config - INFO - Using default theme
2025-03-17 18:59:44,523 - Gui.python.logging_config - INFO - defaultdict(<function <lambda> at 0x7f4105ca5940>, {})
2025-03-17 19:00:50,816 - Gui.python.logging_config - ERROR - Could not shutdown Peltier: 'QtApplication' object has no attribute 'PeltierCooling'
2025-03-17 20:15:51,110 - Gui.python.logging_config - WARNING - Initialized variables for QtApplication
2025-03-17 20:15:51,111 - Gui.python.logging_config - INFO - Using default theme
2025-03-17 20:18:00,455 - Gui.python.logging_config - INFO - defaultdict(<function <lambda> at 0x7f99fc687940>, {})
2025-03-17 20:18:33,521 - Gui.python.logging_config - INFO - defaultdict(<function <lambda> at 0x7f99fc687940>, {})
2025-03-17 20:21:44,067 - Gui.python.logging_config - WARNING - Initialized variables for QtApplication
2025-03-17 20:21:44,067 - Gui.python.logging_config - INFO - Using default theme
2025-03-17 20:25:11,892 - Gui.python.logging_config - INFO - defaultdict(<function <lambda> at 0x7fcb066c1940>, {})
2025-03-17 20:26:02,065 - Gui.python.logging_config - INFO - defaultdict(<function <lambda> at 0x7fcb066c1940>, {})
2025-03-17 20:46:56,470 - Gui.python.logging_config - WARNING - Initialized variables for QtApplication
2025-03-17 20:46:56,471 - Gui.python.logging_config - INFO - Using default theme
2025-03-17 20:48:40,666 - Gui.python.logging_config - INFO - defaultdict(<function <lambda> at 0x7fc9f8bd0940>, {})
2025-03-17 20:48:45,649 - Gui.python.logging_config - INFO - defaultdict(<function <lambda> at 0x7fc9f8bd0940>, {})
2025-03-17 20:51:56,974 - Gui.python.logging_config - INFO - defaultdict(<function <lambda> at 0x7fc9f8bd0940>, {})
2025-03-17 20:53:24,721 - Gui.python.logging_config - WARNING - Initialized variables for QtApplication
2025-03-17 20:53:24,722 - Gui.python.logging_config - INFO - Using default theme
2025-03-17 20:56:17,643 - Gui.python.logging_config - ERROR - Could not shutdown Peltier: 'QtApplication' object has no attribute 'PeltierCooling'
2025-03-18 15:59:48,598 - Gui.python.logging_config - WARNING - Initialized variables for QtApplication
2025-03-18 15:59:48,599 - Gui.python.logging_config - INFO - Using default theme
2025-03-18 16:01:35,496 - Gui.python.logging_config - INFO - defaultdict(<function <lambda> at 0x7f3744f85940>, {})
2025-03-18 16:01:39,674 - Gui.python.logging_config - INFO - defaultdict(<function <lambda> at 0x7f3744f85940>, {})
2025-03-18 16:04:50,355 - Gui.python.logging_config - INFO - defaultdict(<function <lambda> at 0x7f3744f85940>, {})
2025-03-18 16:22:10,019 - Gui.python.logging_config - ERROR - Could not shutdown Peltier: 'QtApplication' object has no attribute 'PeltierCooling'
2025-03-18 16:31:35,605 - Gui.python.logging_config - WARNING - Initialized variables for QtApplication
2025-03-18 16:31:35,606 - Gui.python.logging_config - INFO - Using default theme
2025-03-18 16:34:30,427 - Gui.python.logging_config - INFO - defaultdict(<function <lambda> at 0x7faf9a19a940>, {})
2025-03-18 16:39:28,373 - Gui.python.logging_config - INFO - defaultdict(<function <lambda> at 0x7faf9a19a940>, {})
2025-03-18 16:39:50,422 - Gui.python.logging_config - INFO - defaultdict(<function <lambda> at 0x7faf9a19a940>, {})
2025-03-18 16:43:01,692 - Gui.python.logging_config - INFO - defaultdict(<function <lambda> at 0x7faf9a19a940>, {})
2025-03-18 16:46:14,914 - Gui.python.logging_config - ERROR - Could not shutdown Peltier: 'QtApplication' object has no attribute 'PeltierCooling'
2025-03-18 16:46:55,748 - Gui.python.logging_config - WARNING - Initialized variables for QtApplication
2025-03-18 16:46:55,748 - Gui.python.logging_config - INFO - Using default theme
2025-03-18 16:48:35,770 - Gui.python.logging_config - ERROR - Could not shutdown Peltier: 'QtApplication' object has no attribute 'PeltierCooling'
2025-03-18 16:48:51,846 - Gui.python.logging_config - WARNING - Initialized variables for QtApplication
2025-03-18 16:48:51,847 - Gui.python.logging_config - INFO - Using default theme
2025-03-18 16:50:24,220 - Gui.python.logging_config - INFO - defaultdict(<function <lambda> at 0x7f437d33c940>, {})
2025-03-18 16:53:23,890 - Gui.python.logging_config - WARNING - Initialized variables for QtApplication
2025-03-18 16:53:23,891 - Gui.python.logging_config - INFO - Using default theme
2025-03-18 16:55:42,011 - Gui.python.logging_config - INFO - defaultdict(<function <lambda> at 0x7f5cf974f940>, {})
2025-03-18 17:01:47,402 - Gui.python.logging_config - ERROR - Could not shutdown Peltier: 'QtApplication' object has no attribute 'PeltierCooling'
2025-03-18 17:02:26,810 - Gui.python.logging_config - WARNING - Initialized variables for QtApplication
2025-03-18 17:02:26,810 - Gui.python.logging_config - INFO - Using default theme
2025-03-18 17:02:37,174 - Gui.python.logging_config - ERROR - Could not shutdown Peltier: 'QtApplication' object has no attribute 'PeltierCooling'
2025-03-18 17:02:41,015 - Gui.python.logging_config - WARNING - Initialized variables for QtApplication
2025-03-18 17:02:41,015 - Gui.python.logging_config - INFO - Using default theme
2025-03-18 17:06:33,823 - Gui.python.logging_config - INFO - defaultdict(<function <lambda> at 0x7fade7c47940>, {})
2025-03-18 17:09:19,437 - Gui.python.logging_config - ERROR - Could not shutdown Peltier: 'QtApplication' object has no attribute 'PeltierCooling'
2025-03-18 17:15:35,675 - Gui.python.logging_config - WARNING - Initialized variables for QtApplication
2025-03-18 17:15:35,676 - Gui.python.logging_config - INFO - Using default theme
2025-03-18 17:21:20,597 - Gui.python.logging_config - INFO - defaultdict(<function <lambda> at 0x7f64bb599940>, {})
2025-03-18 17:27:47,369 - Gui.python.logging_config - ERROR - Could not shutdown Peltier: 'QtApplication' object has no attribute 'PeltierCooling'
2025-03-18 17:40:45,938 - Gui.python.logging_config - WARNING - Initialized variables for QtApplication
2025-03-18 17:40:45,939 - Gui.python.logging_config - INFO - Using default theme
2025-03-18 17:40:50,423 - Gui.python.logging_config - ERROR - Could not shutdown Peltier: 'QtApplication' object has no attribute 'SimpleMain'
2025-03-18 17:57:44,460 - Gui.python.logging_config - WARNING - Initialized variables for QtApplication
2025-03-18 17:57:44,461 - Gui.python.logging_config - INFO - Using default theme
2025-03-18 18:05:55,187 - Gui.python.logging_config - ERROR - Could not shutdown Peltier: 'QtApplication' object has no attribute 'PeltierCooling'
2025-03-18 18:06:03,794 - Gui.python.logging_config - WARNING - Initialized variables for QtApplication
2025-03-18 18:06:03,794 - Gui.python.logging_config - INFO - Using default theme
2025-03-18 18:06:10,620 - Gui.python.logging_config - ERROR - Could not shutdown Peltier: 'QtApplication' object has no attribute 'SimpleMain'
2025-03-18 18:06:30,163 - Gui.python.logging_config - WARNING - Initialized variables for QtApplication
2025-03-18 18:06:30,164 - Gui.python.logging_config - INFO - Using default theme
2025-03-18 18:08:06,175 - Gui.python.logging_config - ERROR - Could not shutdown Peltier: 'QtApplication' object has no attribute 'PeltierCooling'
2025-03-18 18:08:11,302 - Gui.python.logging_config - WARNING - Initialized variables for QtApplication
2025-03-18 18:08:11,303 - Gui.python.logging_config - INFO - Using default theme
2025-03-18 18:08:42,301 - Gui.python.logging_config - INFO - defaultdict(<function <lambda> at 0x7fc85bf43940>, {})
2025-03-18 18:10:31,341 - Gui.python.logging_config - WARNING - Initialized variables for QtApplication
2025-03-18 18:10:31,342 - Gui.python.logging_config - INFO - Using default theme
2025-03-18 18:11:10,851 - Gui.python.logging_config - INFO - defaultdict(<function <lambda> at 0x7f0d6ecd3940>, {})
2025-03-18 18:15:17,647 - Gui.python.logging_config - WARNING - Initialized variables for QtApplication
2025-03-18 18:15:17,648 - Gui.python.logging_config - INFO - Using default theme
2025-03-18 18:15:52,256 - Gui.python.logging_config - INFO - defaultdict(<function <lambda> at 0x7f83f5162160>, {})
2025-03-18 18:20:38,599 - Gui.python.logging_config - INFO - defaultdict(<function <lambda> at 0x7f83f5162160>, {})
2025-03-18 18:21:55,965 - Gui.python.logging_config - INFO - defaultdict(<function <lambda> at 0x7f83f5162160>, {})
2025-03-18 18:36:51,003 - Gui.python.logging_config - WARNING - Initialized variables for QtApplication
2025-03-18 18:36:51,004 - Gui.python.logging_config - INFO - Using default theme
2025-03-18 18:37:35,055 - Gui.python.logging_config - INFO - defaultdict(<function <lambda> at 0x7f1694ba9280>, {})
2025-03-18 18:40:26,492 - Gui.python.logging_config - WARNING - Initialized variables for QtApplication
2025-03-18 18:40:26,494 - Gui.python.logging_config - INFO - Using default theme
2025-03-18 18:40:59,175 - Gui.python.logging_config - INFO - defaultdict(<function <lambda> at 0x7f631781a940>, {})
2025-03-18 18:45:46,873 - Gui.python.logging_config - INFO - defaultdict(<function <lambda> at 0x7f631781a940>, {})
2025-03-18 18:46:50,594 - Gui.python.logging_config - INFO - defaultdict(<function <lambda> at 0x7f631781a940>, {})
2025-03-18 19:53:43,416 - Gui.python.logging_config - ERROR - Could not shutdown Peltier: 'QtApplication' object has no attribute 'PeltierCooling'
2025-04-02 18:16:40,084 - Gui.python.logging_config - WARNING - Initialized variables for QtApplication
2025-04-02 18:16:40,085 - Gui.python.logging_config - INFO - Using default theme
2025-04-02 18:16:51,224 - Gui.python.logging_config - ERROR - list index out of range
2025-04-02 18:16:51,225 - Gui.python.logging_config - ERROR - list index out of range
2025-04-02 18:22:31,069 - Gui.python.logging_config - ERROR - Could not shutdown Peltier: 'NoneType' object has no attribute 'sendCommand'
2025-04-02 18:22:53,921 - Gui.python.logging_config - WARNING - Initialized variables for QtApplication
2025-04-02 18:22:53,922 - Gui.python.logging_config - INFO - Using default theme
2025-04-02 18:24:16,124 - Gui.python.logging_config - INFO - RunNumber: 000040
2025-04-02 18:24:16,209 - Gui.python.logging_config - INFO - defaultdict(<function <lambda> at 0x7fae731dd160>, {})
2025-04-02 18:24:16,914 - Gui.python.logging_config - ERROR - Failed to copy root file to output directory. Module disconnection detected because Ph2_ACF didn't create /home/cmsTkUser/Ph2_ACF_GUI/Ph2_ACF/test/Results/Run000040_PixelAlive.root.
2025-04-02 18:26:54,626 - Gui.python.logging_config - ERROR - Could not shutdown Peltier: 'NoneType' object has no attribute 'sendCommand'
2025-04-02 18:27:06,304 - Gui.python.logging_config - WARNING - Initialized variables for QtApplication
2025-04-02 18:27:06,305 - Gui.python.logging_config - INFO - Using default theme
2025-04-02 18:27:18,465 - Gui.python.logging_config - ERROR - list index out of range
2025-04-02 18:27:47,730 - Gui.python.logging_config - WARNING - Initialized variables for QtApplication
2025-04-02 18:27:47,731 - Gui.python.logging_config - INFO - Using default theme
2025-04-02 18:27:57,919 - Gui.python.logging_config - ERROR - list index out of range
2025-04-02 18:27:57,920 - Gui.python.logging_config - ERROR - list index out of range
2025-04-02 18:29:07,389 - Gui.python.logging_config - ERROR - Could not shutdown Peltier: 'NoneType' object has no attribute 'sendCommand'
2025-04-02 18:29:16,877 - Gui.python.logging_config - WARNING - Initialized variables for QtApplication
2025-04-02 18:29:16,878 - Gui.python.logging_config - INFO - Using default theme
2025-04-02 18:29:27,398 - Gui.python.logging_config - ERROR - list index out of range
2025-04-02 18:29:27,398 - Gui.python.logging_config - ERROR - list index out of range
2025-04-02 18:29:27,399 - Gui.python.logging_config - ERROR - list index out of range
2025-04-02 18:30:16,402 - Gui.python.logging_config - INFO - RunNumber: 000040
2025-04-02 18:30:16,454 - Gui.python.logging_config - INFO - defaultdict(<function <lambda> at 0x7f6a52e65160>, {})
2025-04-02 18:30:17,135 - Gui.python.logging_config - ERROR - Failed to copy root file to output directory. Module disconnection detected because Ph2_ACF didn't create /home/cmsTkUser/Ph2_ACF_GUI/Ph2_ACF/test/Results/Run000040_PixelAlive.root.
2025-04-02 18:33:07,197 - Gui.python.logging_config - ERROR - Could not shutdown Peltier: 'NoneType' object has no attribute 'sendCommand'
2025-04-02 18:33:17,055 - Gui.python.logging_config - WARNING - Initialized variables for QtApplication
2025-04-02 18:33:17,055 - Gui.python.logging_config - INFO - Using default theme
2025-04-02 18:33:27,768 - Gui.python.logging_config - ERROR - list index out of range
2025-04-02 18:33:27,768 - Gui.python.logging_config - ERROR - list index out of range
2025-04-02 18:33:27,768 - Gui.python.logging_config - ERROR - list index out of range
2025-04-02 18:40:41,270 - Gui.python.logging_config - ERROR - Could not shutdown Peltier: 'NoneType' object has no attribute 'sendCommand'
2025-04-02 18:40:46,799 - Gui.python.logging_config - WARNING - Initialized variables for QtApplication
2025-04-02 18:40:46,800 - Gui.python.logging_config - INFO - Using default theme
2025-04-02 18:41:41,893 - Gui.python.logging_config - WARNING - Initialized variables for QtApplication
2025-04-02 18:41:41,894 - Gui.python.logging_config - INFO - Using default theme
2025-04-02 18:41:52,169 - Gui.python.logging_config - ERROR - could not convert string to float: 'Temperature:'
2025-04-02 18:42:40,114 - Gui.python.logging_config - INFO - RunNumber: 000040
2025-04-02 18:42:40,158 - Gui.python.logging_config - INFO - defaultdict(<function <lambda> at 0x7f1f78f20160>, {})
2025-04-02 18:43:44,113 - Gui.python.logging_config - INFO - RunNumber: 000041
2025-04-02 18:43:44,254 - Gui.python.logging_config - INFO - defaultdict(<function <lambda> at 0x7f1f78f20160>, {})
2025-04-02 18:46:47,104 - Gui.python.logging_config - WARNING - Initialized variables for QtApplication
2025-04-02 18:46:47,105 - Gui.python.logging_config - INFO - Using default theme
2025-04-02 18:48:42,945 - Gui.python.logging_config - ERROR - Could not shutdown Peltier: 'QtApplication' object has no attribute 'PeltierCooling'
2025-04-02 19:01:12,158 - Gui.python.logging_config - WARNING - Initialized variables for QtApplication
2025-04-02 19:01:12,159 - Gui.python.logging_config - INFO - Using default theme
2025-04-02 19:01:23,637 - Gui.python.logging_config - ERROR - list index out of range
2025-04-02 19:02:09,460 - Gui.python.logging_config - WARNING - Initialized variables for QtApplication
2025-04-02 19:02:09,462 - Gui.python.logging_config - INFO - Using default theme
2025-04-02 19:02:19,627 - Gui.python.logging_config - ERROR - list index out of range
2025-04-02 19:02:19,628 - Gui.python.logging_config - ERROR - list index out of range
2025-04-02 19:06:28,783 - Gui.python.logging_config - WARNING - Initialized variables for QtApplication
2025-04-02 19:06:28,785 - Gui.python.logging_config - INFO - Using default theme
2025-04-02 19:06:39,453 - Gui.python.logging_config - ERROR - list index out of range
2025-04-02 19:06:39,457 - Gui.python.logging_config - ERROR - list index out of range
2025-04-02 19:06:39,459 - Gui.python.logging_config - ERROR - list index out of range
2025-04-02 19:07:33,585 - Gui.python.logging_config - INFO - RunNumber: 000042
2025-04-02 19:07:33,628 - Gui.python.logging_config - INFO - defaultdict(<function <lambda> at 0x7f745963e160>, {})
2025-04-02 19:09:13,185 - Gui.python.logging_config - WARNING - Initialized variables for QtApplication
2025-04-02 19:09:13,186 - Gui.python.logging_config - INFO - Using default theme
2025-04-02 19:10:53,811 - Gui.python.logging_config - ERROR - Could not shutdown Peltier: 'QtApplication' object has no attribute 'PeltierCooling'
2025-04-02 19:11:06,944 - Gui.python.logging_config - WARNING - Initialized variables for QtApplication
2025-04-02 19:11:06,944 - Gui.python.logging_config - INFO - Using default theme
2025-04-02 19:11:09,890 - Gui.python.logging_config - ERROR - Could not shutdown Peltier: 'QtApplication' object has no attribute 'SimpleMain'
2025-04-02 19:11:16,972 - Gui.python.logging_config - WARNING - Initialized variables for QtApplication
2025-04-02 19:11:16,973 - Gui.python.logging_config - INFO - Using default theme
2025-04-02 19:11:31,836 - Gui.python.logging_config - ERROR - list index out of range
2025-04-02 19:11:31,838 - Gui.python.logging_config - ERROR - list index out of range
2025-04-02 19:13:45,248 - Gui.python.logging_config - WARNING - Initialized variables for QtApplication
2025-04-02 19:13:45,249 - Gui.python.logging_config - INFO - Using default theme
2025-04-02 19:13:55,392 - Gui.python.logging_config - ERROR - list index out of range
2025-04-02 19:14:46,950 - Gui.python.logging_config - INFO - RunNumber: 000042
2025-04-02 19:14:46,992 - Gui.python.logging_config - INFO - defaultdict(<function <lambda> at 0x7f3fec55d160>, {})
2025-04-02 19:18:03,392 - Gui.python.logging_config - ERROR - Could not shutdown Peltier: 'NoneType' object has no attribute 'sendCommand'
2025-04-02 19:18:21,668 - Gui.python.logging_config - WARNING - Initialized variables for QtApplication
2025-04-02 19:18:21,669 - Gui.python.logging_config - INFO - Using default theme
2025-04-02 19:18:32,024 - Gui.python.logging_config - ERROR - list index out of range
2025-04-02 19:18:32,025 - Gui.python.logging_config - ERROR - list index out of range
2025-04-02 19:19:22,444 - Gui.python.logging_config - INFO - RunNumber: 000042
2025-04-02 19:19:22,567 - Gui.python.logging_config - INFO - defaultdict(<function <lambda> at 0x7f248666b160>, {})
2025-04-02 19:23:47,923 - Gui.python.logging_config - ERROR - Could not shutdown Peltier: 'NoneType' object has no attribute 'sendCommand'
2025-04-02 19:31:25,176 - Gui.python.logging_config - WARNING - Initialized variables for QtApplication
2025-04-02 19:31:25,177 - Gui.python.logging_config - INFO - Using default theme
2025-04-02 19:31:35,800 - Gui.python.logging_config - ERROR - list index out of range
2025-04-02 19:33:42,923 - Gui.python.logging_config - INFO - RunNumber: 000042
2025-04-02 19:33:42,962 - Gui.python.logging_config - INFO - defaultdict(<function <lambda> at 0x7f0cd803b310>, {})
2025-04-02 19:35:54,354 - Gui.python.logging_config - WARNING - Initialized variables for QtApplication
2025-04-02 19:35:54,354 - Gui.python.logging_config - INFO - Using default theme
2025-04-02 19:37:34,220 - Gui.python.logging_config - ERROR - Could not shutdown Peltier: 'QtApplication' object has no attribute 'PeltierCooling'
2025-04-02 19:39:11,605 - Gui.python.logging_config - WARNING - Initialized variables for QtApplication
2025-04-02 19:39:11,606 - Gui.python.logging_config - INFO - Using default theme
2025-04-02 19:39:23,533 - Gui.python.logging_config - ERROR - list index out of range
2025-04-02 19:40:18,688 - Gui.python.logging_config - INFO - RunNumber: 000042
2025-04-02 19:40:18,802 - Gui.python.logging_config - INFO - defaultdict(<function <lambda> at 0x7f2df96e9160>, {})
2025-04-02 19:40:19,565 - Gui.python.logging_config - ERROR - Failed to copy root file to output directory. Module disconnection detected because Ph2_ACF didn't create /home/cmsTkUser/Ph2_ACF_GUI/Ph2_ACF/test/Results/Run000042_PixelAlive.root.
2025-04-02 19:40:29,544 - Gui.python.logging_config - INFO - RunNumber: 000042
2025-04-02 19:40:29,646 - Gui.python.logging_config - INFO - defaultdict(<function <lambda> at 0x7f2df96e9160>, {})
2025-04-02 19:40:30,384 - Gui.python.logging_config - ERROR - Failed to copy root file to output directory. Module disconnection detected because Ph2_ACF didn't create /home/cmsTkUser/Ph2_ACF_GUI/Ph2_ACF/test/Results/Run000042_PixelAlive.root.
2025-04-02 19:43:24,041 - Gui.python.logging_config - ERROR - Could not shutdown Peltier: 'NoneType' object has no attribute 'sendCommand'
2025-04-02 19:46:10,034 - Gui.python.logging_config - WARNING - Initialized variables for QtApplication
2025-04-02 19:46:10,035 - Gui.python.logging_config - INFO - Using default theme
2025-04-02 19:46:20,964 - Gui.python.logging_config - ERROR - list index out of range
2025-04-02 19:47:11,425 - Gui.python.logging_config - INFO - RunNumber: 000042
2025-04-02 19:47:11,472 - Gui.python.logging_config - INFO - defaultdict(<function <lambda> at 0x7f6b170d1310>, {})
2025-04-02 19:47:12,185 - Gui.python.logging_config - ERROR - Failed to copy root file to output directory. Module disconnection detected because Ph2_ACF didn't create /home/cmsTkUser/Ph2_ACF_GUI/Ph2_ACF/test/Results/Run000042_PixelAlive.root
2025-04-02 19:47:15,844 - Gui.python.logging_config - INFO - RunNumber: 000042
2025-04-02 19:47:15,902 - Gui.python.logging_config - INFO - defaultdict(<function <lambda> at 0x7f6b170d1310>, {})
2025-04-02 19:47:16,826 - Gui.python.logging_config - ERROR - Failed to copy root file to output directory. Module disconnection detected because Ph2_ACF didn't create /home/cmsTkUser/Ph2_ACF_GUI/Ph2_ACF/test/Results/Run000042_PixelAlive.root
2025-04-02 19:52:11,131 - Gui.python.logging_config - ERROR - Could not shutdown Peltier: 'NoneType' object has no attribute 'sendCommand'
2025-04-02 19:52:20,351 - Gui.python.logging_config - WARNING - Initialized variables for QtApplication
2025-04-02 19:52:20,352 - Gui.python.logging_config - INFO - Using default theme
2025-04-02 19:52:30,675 - Gui.python.logging_config - ERROR - list index out of range
2025-04-02 19:52:30,677 - Gui.python.logging_config - ERROR - list index out of range
2025-04-02 19:53:18,465 - Gui.python.logging_config - INFO - RunNumber: 000042
2025-04-02 19:53:18,513 - Gui.python.logging_config - INFO - defaultdict(<function <lambda> at 0x7f4420a43160>, {})
2025-04-02 19:53:19,393 - Gui.python.logging_config - ERROR - Failed to copy root file to output directory. Module disconnection detected because Ph2_ACF didn't create /home/cmsTkUser/Ph2_ACF_GUI/Ph2_ACF/test/Results/Run000042_PixelAlive.root
2025-04-02 19:54:24,011 - Gui.python.logging_config - ERROR - Could not shutdown Peltier: 'NoneType' object has no attribute 'sendCommand'
2025-04-02 19:54:45,740 - Gui.python.logging_config - WARNING - Initialized variables for QtApplication
2025-04-02 19:54:45,741 - Gui.python.logging_config - INFO - Using default theme
2025-04-02 19:55:45,949 - Gui.python.logging_config - INFO - RunNumber: 000042
2025-04-02 19:55:45,991 - Gui.python.logging_config - INFO - defaultdict(<function <lambda> at 0x7f8ef6edd160>, {})
2025-04-02 19:55:46,753 - Gui.python.logging_config - ERROR - Failed to copy root file to output directory. Module disconnection detected because Ph2_ACF didn't create /home/cmsTkUser/Ph2_ACF_GUI/Ph2_ACF/test/Results/Run000042_PixelAlive.root
2025-04-02 20:02:44,500 - Gui.python.logging_config - ERROR - Could not shutdown Peltier: 'NoneType' object has no attribute 'sendCommand'
2025-04-02 20:03:09,908 - Gui.python.logging_config - WARNING - Initialized variables for QtApplication
2025-04-02 20:03:09,909 - Gui.python.logging_config - INFO - Using default theme
2025-04-02 20:03:20,215 - Gui.python.logging_config - ERROR - list index out of range
2025-04-02 20:03:20,216 - Gui.python.logging_config - ERROR - list index out of range
2025-04-02 20:07:45,635 - Gui.python.logging_config - WARNING - Initialized variables for QtApplication
2025-04-02 20:07:45,636 - Gui.python.logging_config - INFO - Using default theme
2025-04-02 20:07:56,414 - Gui.python.logging_config - ERROR - list index out of range
2025-04-02 20:07:56,417 - Gui.python.logging_config - ERROR - list index out of range
2025-04-02 20:10:37,361 - Gui.python.logging_config - WARNING - Initialized variables for QtApplication
2025-04-02 20:10:37,362 - Gui.python.logging_config - INFO - Using default theme
2025-04-02 20:10:47,416 - Gui.python.logging_config - ERROR - list index out of range
2025-04-02 20:10:47,416 - Gui.python.logging_config - ERROR - list index out of range
2025-04-02 20:10:47,417 - Gui.python.logging_config - ERROR - list index out of range
2025-04-02 20:11:32,429 - Gui.python.logging_config - WARNING - Initialized variables for QtApplication
2025-04-02 20:11:32,430 - Gui.python.logging_config - INFO - Using default theme
2025-04-02 20:11:42,492 - Gui.python.logging_config - ERROR - list index out of range
2025-04-02 20:12:28,554 - Gui.python.logging_config - INFO - RunNumber: 000042
2025-04-02 20:12:28,595 - Gui.python.logging_config - INFO - defaultdict(<function <lambda> at 0x7ff2981f8ca0>, {})
2025-04-02 20:12:29,260 - Gui.python.logging_config - ERROR - Failed to copy root file to output directory. Module disconnection detected because Ph2_ACF didn't create /home/cmsTkUser/Ph2_ACF_GUI/Ph2_ACF/test/Results/Run000042_PixelAlive.root
2025-04-02 20:19:51,333 - Gui.python.logging_config - ERROR - Could not shutdown Peltier: 'NoneType' object has no attribute 'sendCommand'
2025-04-02 20:29:24,554 - Gui.python.logging_config - WARNING - Initialized variables for QtApplication
2025-04-02 20:29:24,555 - Gui.python.logging_config - INFO - Using default theme
2025-04-02 20:40:44,400 - Gui.python.logging_config - ERROR - Could not shutdown Peltier: 'QtApplication' object has no attribute 'PeltierCooling'
2025-04-02 20:41:19,604 - Gui.python.logging_config - WARNING - Initialized variables for QtApplication
2025-04-02 20:41:19,605 - Gui.python.logging_config - INFO - Using default theme
2025-04-02 20:44:16,922 - Gui.python.logging_config - WARNING - Initialized variables for QtApplication
2025-04-02 20:44:16,923 - Gui.python.logging_config - INFO - Using default theme
2025-04-02 20:45:14,703 - Gui.python.logging_config - ERROR - list index out of range
2025-04-02 20:45:14,703 - Gui.python.logging_config - ERROR - list index out of range
2025-04-02 20:45:14,703 - Gui.python.logging_config - ERROR - list index out of range
2025-04-02 20:45:14,705 - Gui.python.logging_config - ERROR - list index out of range
2025-04-02 20:48:48,008 - Gui.python.logging_config - WARNING - Initialized variables for QtApplication
2025-04-02 20:48:48,009 - Gui.python.logging_config - INFO - Using default theme
2025-04-02 20:49:50,206 - Gui.python.logging_config - ERROR - Could not shutdown Peltier: 'QtApplication' object has no attribute 'PeltierCooling'
2025-04-02 20:49:56,649 - Gui.python.logging_config - WARNING - Initialized variables for QtApplication
2025-04-02 20:49:56,650 - Gui.python.logging_config - INFO - Using default theme
2025-04-02 20:57:20,512 - Gui.python.logging_config - ERROR - Could not shutdown Peltier: 'QtApplication' object has no attribute 'PeltierCooling'
2025-04-02 20:57:25,694 - Gui.python.logging_config - WARNING - Initialized variables for QtApplication
2025-04-02 20:57:25,694 - Gui.python.logging_config - INFO - Using default theme
2025-04-02 20:59:54,961 - Gui.python.logging_config - ERROR - Could not shutdown Peltier: 'QtApplication' object has no attribute 'PeltierCooling'
2025-04-02 21:00:01,405 - Gui.python.logging_config - WARNING - Initialized variables for QtApplication
2025-04-02 21:00:01,405 - Gui.python.logging_config - INFO - Using default theme
2025-04-02 21:03:24,272 - Gui.python.logging_config - ERROR - Could not shutdown Peltier: 'QtApplication' object has no attribute 'PeltierCooling'
2025-04-16 18:22:29,118 - Gui.python.logging_config - WARNING - Initialized variables for QtApplication
2025-04-16 18:22:29,119 - Gui.python.logging_config - INFO - Using default theme
2025-04-16 18:24:01,584 - Gui.python.logging_config - INFO - RunNumber: 000042
2025-04-16 18:24:01,619 - Gui.python.logging_config - INFO - defaultdict(<function <lambda> at 0x7f43f7716dc0>, {})
2025-04-16 18:24:02,413 - Gui.python.logging_config - ERROR - Failed to copy root file to output directory. Module disconnection detected because Ph2_ACF didn't create /home/cmsTkUser/Ph2_ACF_GUI/Ph2_ACF/test/Results/Run000042_PixelAlive.root
2025-04-16 18:30:33,063 - Gui.python.logging_config - INFO - RunNumber: 000042
2025-04-16 18:30:33,101 - Gui.python.logging_config - INFO - defaultdict(<function <lambda> at 0x7f43f7716dc0>, {})
2025-04-16 18:30:33,856 - Gui.python.logging_config - ERROR - Failed to copy root file to output directory. Module disconnection detected because Ph2_ACF didn't create /home/cmsTkUser/Ph2_ACF_GUI/Ph2_ACF/test/Results/Run000042_PixelAlive.root
2025-04-16 18:35:43,010 - Gui.python.logging_config - ERROR - Could not shutdown Peltier: 'QtApplication' object has no attribute 'PeltierCooling'
2025-04-16 18:35:52,441 - Gui.python.logging_config - WARNING - Initialized variables for QtApplication
2025-04-16 18:35:52,442 - Gui.python.logging_config - INFO - Using default theme
2025-04-16 18:38:26,379 - Gui.python.logging_config - INFO - RunNumber: 000042
2025-04-16 18:38:26,420 - Gui.python.logging_config - INFO - defaultdict(<function <lambda> at 0x7f3daa6f7dc0>, {})
2025-04-16 18:40:16,200 - Gui.python.logging_config - WARNING - Initialized variables for QtApplication
2025-04-16 18:40:16,201 - Gui.python.logging_config - INFO - Using default theme
2025-04-16 18:53:28,486 - Gui.python.logging_config - ERROR - Could not shutdown Peltier: 'QtApplication' object has no attribute 'PeltierCooling'
2025-04-16 18:53:39,608 - Gui.python.logging_config - WARNING - Initialized variables for QtApplication
2025-04-16 18:53:39,609 - Gui.python.logging_config - INFO - Using default theme
2025-04-16 19:41:54,702 - Gui.python.logging_config - WARNING - Initialized variables for QtApplication
2025-04-16 19:41:54,703 - Gui.python.logging_config - INFO - Using default theme
2025-04-16 19:42:09,014 - Gui.python.logging_config - ERROR - list index out of range
2025-04-16 19:42:09,016 - Gui.python.logging_config - ERROR - list index out of range
2025-04-16 20:31:44,286 - Gui.python.logging_config - ERROR - Could not shutdown Peltier: 'QtApplication' object has no attribute 'PeltierCooling'
2025-04-16 20:32:28,394 - Gui.python.logging_config - WARNING - Initialized variables for QtApplication
2025-04-16 20:32:28,395 - Gui.python.logging_config - INFO - Using default theme
2025-04-16 20:34:34,992 - Gui.python.logging_config - WARNING - Initialized variables for QtApplication
2025-04-16 20:34:34,993 - Gui.python.logging_config - INFO - Using default theme
2025-04-16 20:37:39,860 - Gui.python.logging_config - ERROR - Could not shutdown Peltier: 'QtApplication' object has no attribute 'PeltierCooling'
2025-04-16 20:37:46,877 - Gui.python.logging_config - WARNING - Initialized variables for QtApplication
2025-04-16 20:37:46,878 - Gui.python.logging_config - INFO - Using default theme
2025-04-16 20:40:47,874 - Gui.python.logging_config - WARNING - Initialized variables for QtApplication
2025-04-16 20:40:47,875 - Gui.python.logging_config - INFO - Using default theme
2025-04-16 20:44:08,800 - Gui.python.logging_config - WARNING - Initialized variables for QtApplication
2025-04-16 20:44:08,800 - Gui.python.logging_config - INFO - Using default theme
2025-04-16 20:45:38,163 - Gui.python.logging_config - INFO - RunNumber: 000042
2025-04-16 20:46:07,725 - Gui.python.logging_config - WARNING - Initialized variables for QtApplication
2025-04-16 20:46:07,726 - Gui.python.logging_config - INFO - Using default theme
2025-04-16 20:53:00,913 - Gui.python.logging_config - WARNING - Initialized variables for QtApplication
2025-04-16 20:53:00,914 - Gui.python.logging_config - INFO - Using default theme
2025-04-16 20:59:09,111 - Gui.python.logging_config - WARNING - Initialized variables for QtApplication
2025-04-16 20:59:09,111 - Gui.python.logging_config - INFO - Using default theme
2025-04-16 21:15:33,721 - Gui.python.logging_config - WARNING - Initialized variables for QtApplication
2025-04-16 21:15:33,722 - Gui.python.logging_config - INFO - Using default theme
2025-04-16 21:17:39,837 - Gui.python.logging_config - WARNING - Initialized variables for QtApplication
2025-04-16 21:17:39,837 - Gui.python.logging_config - INFO - Using default theme
2025-04-16 21:22:47,341 - Gui.python.logging_config - WARNING - Initialized variables for QtApplication
2025-04-16 21:22:47,342 - Gui.python.logging_config - INFO - Using default theme
2025-04-16 21:24:35,188 - Gui.python.logging_config - WARNING - Initialized variables for QtApplication
2025-04-16 21:24:35,188 - Gui.python.logging_config - INFO - Using default theme
2025-04-16 21:28:37,974 - Gui.python.logging_config - WARNING - Initialized variables for QtApplication
2025-04-16 21:28:37,975 - Gui.python.logging_config - INFO - Using default theme
2025-04-16 21:30:38,046 - Gui.python.logging_config - ERROR - Could not shutdown Peltier: 'QtApplication' object has no attribute 'PeltierCooling'
2025-04-18 16:53:19,790 - Gui.python.logging_config - WARNING - Initialized variables for QtApplication
2025-04-18 16:53:19,792 - Gui.python.logging_config - INFO - Using default theme
2025-04-18 16:55:05,417 - Gui.python.logging_config - INFO - RunNumber: 000042
2025-04-18 16:55:05,457 - Gui.python.logging_config - INFO - defaultdict(<function <lambda> at 0x7f348f4e4dc0>, {})
2025-04-18 16:55:06,112 - Gui.python.logging_config - ERROR - Failed to copy root file to output directory. Module disconnection detected because Ph2_ACF didn't create /home/cmsTkUser/Ph2_ACF_GUI/Ph2_ACF/test/Results/Run000042_PixelAlive.root
2025-04-18 16:57:39,362 - Gui.python.logging_config - ERROR - Could not shutdown Peltier: 'QtApplication' object has no attribute 'PeltierCooling'
2025-04-18 16:58:48,460 - Gui.python.logging_config - WARNING - Initialized variables for QtApplication
2025-04-18 16:58:48,461 - Gui.python.logging_config - INFO - Using default theme
2025-04-18 17:01:55,799 - Gui.python.logging_config - ERROR - Could not shutdown Peltier: 'QtApplication' object has no attribute 'PeltierCooling'
2025-04-18 17:02:04,239 - Gui.python.logging_config - WARNING - Initialized variables for QtApplication
2025-04-18 17:02:04,240 - Gui.python.logging_config - INFO - Using default theme
2025-04-18 17:04:27,270 - Gui.python.logging_config - ERROR - Could not shutdown Peltier: 'QtApplication' object has no attribute 'PeltierCooling'
2025-04-18 17:04:35,448 - Gui.python.logging_config - WARNING - Initialized variables for QtApplication
2025-04-18 17:04:35,449 - Gui.python.logging_config - INFO - Using default theme
2025-04-18 17:07:30,805 - Gui.python.logging_config - ERROR - Could not shutdown Peltier: 'QtApplication' object has no attribute 'PeltierCooling'
2025-04-18 17:08:18,299 - Gui.python.logging_config - WARNING - Initialized variables for QtApplication
2025-04-18 17:08:18,300 - Gui.python.logging_config - INFO - Using default theme
2025-04-18 17:16:11,338 - Gui.python.logging_config - WARNING - Initialized variables for QtApplication
2025-04-18 17:16:11,339 - Gui.python.logging_config - INFO - Using default theme
2025-04-18 17:17:50,856 - Gui.python.logging_config - WARNING - Initialized variables for QtApplication
2025-04-18 17:17:50,857 - Gui.python.logging_config - INFO - Using default theme
2025-04-18 17:19:17,722 - Gui.python.logging_config - WARNING - Initialized variables for QtApplication
2025-04-18 17:19:17,723 - Gui.python.logging_config - INFO - Using default theme
2025-04-18 17:23:26,731 - Gui.python.logging_config - WARNING - Initialized variables for QtApplication
2025-04-18 17:23:26,732 - Gui.python.logging_config - INFO - Using default theme
2025-04-18 17:24:32,838 - Gui.python.logging_config - WARNING - Initialized variables for QtApplication
2025-04-18 17:24:32,838 - Gui.python.logging_config - INFO - Using default theme
2025-04-18 17:37:24,642 - Gui.python.logging_config - ERROR - Could not shutdown Peltier: 'QtApplication' object has no attribute 'PeltierCooling'
2025-04-18 17:37:32,657 - Gui.python.logging_config - WARNING - Initialized variables for QtApplication
2025-04-18 17:37:32,657 - Gui.python.logging_config - INFO - Using default theme
2025-04-18 17:38:24,598 - Gui.python.logging_config - WARNING - Initialized variables for QtApplication
2025-04-18 17:38:24,599 - Gui.python.logging_config - INFO - Using default theme
2025-04-18 17:39:49,667 - Gui.python.logging_config - WARNING - Initialized variables for QtApplication
2025-04-18 17:39:49,668 - Gui.python.logging_config - INFO - Using default theme
2025-04-18 17:42:17,394 - Gui.python.logging_config - WARNING - Initialized variables for QtApplication
2025-04-18 17:42:17,395 - Gui.python.logging_config - INFO - Using default theme
2025-04-18 17:46:31,222 - Gui.python.logging_config - ERROR - Could not shutdown Peltier: 'QtApplication' object has no attribute 'PeltierCooling'
2025-04-18 17:46:38,397 - Gui.python.logging_config - WARNING - Initialized variables for QtApplication
2025-04-18 17:46:38,398 - Gui.python.logging_config - INFO - Using default theme
2025-04-18 17:46:59,758 - Gui.python.logging_config - ERROR - Could not shutdown Peltier: 'QtApplication' object has no attribute 'PeltierCooling'
2025-04-18 17:47:09,232 - Gui.python.logging_config - WARNING - Initialized variables for QtApplication
2025-04-18 17:47:09,234 - Gui.python.logging_config - INFO - Using default theme
2025-04-18 17:50:20,599 - Gui.python.logging_config - ERROR - Could not shutdown Peltier: 'QtApplication' object has no attribute 'PeltierCooling'
2025-04-18 17:50:48,969 - Gui.python.logging_config - WARNING - Initialized variables for QtApplication
2025-04-18 17:50:48,970 - Gui.python.logging_config - INFO - Using default theme
2025-04-18 17:52:30,379 - Gui.python.logging_config - INFO - RunNumber: 000042
2025-04-18 17:53:36,167 - Gui.python.logging_config - WARNING - Initialized variables for QtApplication
2025-04-18 17:53:36,167 - Gui.python.logging_config - INFO - Using default theme
2025-04-18 18:00:38,236 - Gui.python.logging_config - ERROR - Could not shutdown Peltier: 'QtApplication' object has no attribute 'PeltierCooling'
2025-04-18 18:00:48,147 - Gui.python.logging_config - WARNING - Initialized variables for QtApplication
2025-04-18 18:00:48,148 - Gui.python.logging_config - INFO - Using default theme
2025-04-18 18:04:48,209 - Gui.python.logging_config - ERROR - Could not shutdown Peltier: 'QtApplication' object has no attribute 'PeltierCooling'
2025-04-18 18:04:56,230 - Gui.python.logging_config - WARNING - Initialized variables for QtApplication
2025-04-18 18:04:56,231 - Gui.python.logging_config - INFO - Using default theme
2025-04-18 18:07:11,164 - Gui.python.logging_config - ERROR - Could not shutdown Peltier: 'QtApplication' object has no attribute 'PeltierCooling'
2025-04-18 18:08:00,239 - Gui.python.logging_config - WARNING - Initialized variables for QtApplication
2025-04-18 18:08:00,240 - Gui.python.logging_config - INFO - Using default theme
2025-04-18 18:09:17,653 - Gui.python.logging_config - ERROR - Could not shutdown Peltier: 'QtApplication' object has no attribute 'PeltierCooling'
2025-04-18 18:09:34,348 - Gui.python.logging_config - WARNING - Initialized variables for QtApplication
2025-04-18 18:09:34,349 - Gui.python.logging_config - INFO - Using default theme
2025-04-18 18:11:19,121 - Gui.python.logging_config - WARNING - Initialized variables for QtApplication
2025-04-18 18:11:19,121 - Gui.python.logging_config - INFO - Using default theme
2025-04-18 18:18:51,972 - Gui.python.logging_config - ERROR - Could not shutdown Peltier: 'QtApplication' object has no attribute 'PeltierCooling'
2025-04-18 18:19:01,079 - Gui.python.logging_config - WARNING - Initialized variables for QtApplication
2025-04-18 18:19:01,080 - Gui.python.logging_config - INFO - Using default theme
2025-04-18 18:26:29,409 - Gui.python.logging_config - ERROR - Could not shutdown Peltier: 'QtApplication' object has no attribute 'PeltierCooling'
2025-04-18 18:29:08,515 - Gui.python.logging_config - WARNING - Initialized variables for QtApplication
2025-04-18 18:29:08,516 - Gui.python.logging_config - INFO - Using default theme
2025-04-18 18:31:17,496 - Gui.python.logging_config - ERROR - Could not shutdown Peltier: 'QtApplication' object has no attribute 'PeltierCooling'
2025-04-18 18:31:27,259 - Gui.python.logging_config - WARNING - Initialized variables for QtApplication
2025-04-18 18:31:27,260 - Gui.python.logging_config - INFO - Using default theme
2025-04-18 18:31:51,681 - Gui.python.logging_config - ERROR - Could not shutdown Peltier: 'QtApplication' object has no attribute 'PeltierCooling'
2025-04-18 18:32:01,451 - Gui.python.logging_config - WARNING - Initialized variables for QtApplication
2025-04-18 18:32:01,451 - Gui.python.logging_config - INFO - Using default theme
2025-04-18 18:38:43,381 - Gui.python.logging_config - INFO - RunNumber: 000042
2025-04-18 18:40:20,684 - Gui.python.logging_config - WARNING - Initialized variables for QtApplication
2025-04-18 18:40:20,685 - Gui.python.logging_config - INFO - Using default theme
2025-04-18 18:41:42,744 - Gui.python.logging_config - INFO - RunNumber: 000042
2025-04-18 18:42:14,650 - Gui.python.logging_config - WARNING - Initialized variables for QtApplication
2025-04-18 18:42:14,651 - Gui.python.logging_config - INFO - Using default theme
2025-04-18 18:43:36,781 - Gui.python.logging_config - INFO - RunNumber: 000042
2025-04-18 18:45:58,960 - Gui.python.logging_config - WARNING - Initialized variables for QtApplication
2025-04-18 18:45:58,961 - Gui.python.logging_config - INFO - Using default theme
2025-04-18 18:47:57,579 - Gui.python.logging_config - INFO - RunNumber: 000042
2025-04-18 18:49:05,097 - Gui.python.logging_config - WARNING - Initialized variables for QtApplication
2025-04-18 18:49:05,098 - Gui.python.logging_config - INFO - Using default theme
2025-04-18 18:50:37,967 - Gui.python.logging_config - INFO - RunNumber: 000042
2025-04-18 18:52:46,034 - Gui.python.logging_config - WARNING - Initialized variables for QtApplication
2025-04-18 18:52:46,035 - Gui.python.logging_config - INFO - Using default theme
2025-04-18 18:54:11,087 - Gui.python.logging_config - WARNING - Initialized variables for QtApplication
2025-04-18 18:54:11,088 - Gui.python.logging_config - INFO - Using default theme
2025-04-18 18:55:07,091 - Gui.python.logging_config - INFO - RunNumber: 000042
2025-04-18 18:55:07,219 - Gui.python.logging_config - INFO - defaultdict(<function <lambda> at 0x7f225c82ddc0>, {})
2025-04-18 18:55:08,032 - Gui.python.logging_config - ERROR - Failed to copy root file to output directory. Module disconnection detected because Ph2_ACF didn't create /home/cmsTkUser/Ph2_ACF_GUI/Ph2_ACF/test/Results/Run000042_PixelAlive.root
2025-04-18 18:58:55,282 - Gui.python.logging_config - ERROR - Could not shutdown Peltier: 'QtApplication' object has no attribute 'PeltierCooling'
2025-04-18 18:59:05,561 - Gui.python.logging_config - WARNING - Initialized variables for QtApplication
2025-04-18 18:59:05,562 - Gui.python.logging_config - INFO - Using default theme
2025-04-18 18:59:58,399 - Gui.python.logging_config - INFO - RunNumber: 000042
2025-04-18 18:59:58,445 - Gui.python.logging_config - INFO - defaultdict(<function <lambda> at 0x7f79f548fdc0>, {})
2025-04-18 18:59:59,197 - Gui.python.logging_config - ERROR - Failed to copy root file to output directory. Module disconnection detected because Ph2_ACF didn't create /home/cmsTkUser/Ph2_ACF_GUI/Ph2_ACF/test/Results/Run000042_PixelAlive.root
2025-04-18 19:01:22,506 - Gui.python.logging_config - INFO - RunNumber: 000042
2025-04-18 19:01:22,623 - Gui.python.logging_config - INFO - defaultdict(<function <lambda> at 0x7f79f548fdc0>, {})
2025-04-18 19:01:23,426 - Gui.python.logging_config - ERROR - Failed to copy root file to output directory. Module disconnection detected because Ph2_ACF didn't create /home/cmsTkUser/Ph2_ACF_GUI/Ph2_ACF/test/Results/Run000042_PixelAlive.root
2025-04-18 19:17:38,655 - Gui.python.logging_config - ERROR - Could not shutdown Peltier: 'QtApplication' object has no attribute 'PeltierCooling'
2025-04-18 19:29:18,066 - Gui.python.logging_config - WARNING - Initialized variables for QtApplication
2025-04-18 19:29:18,066 - Gui.python.logging_config - INFO - Using default theme
2025-04-18 19:33:16,275 - Gui.python.logging_config - WARNING - Initialized variables for QtApplication
2025-04-18 19:33:16,276 - Gui.python.logging_config - INFO - Using default theme
2025-04-18 19:35:07,578 - Gui.python.logging_config - WARNING - Initialized variables for QtApplication
2025-04-18 19:35:07,578 - Gui.python.logging_config - INFO - Using default theme
2025-04-18 19:36:54,660 - Gui.python.logging_config - WARNING - Initialized variables for QtApplication
2025-04-18 19:36:54,663 - Gui.python.logging_config - INFO - Using default theme
2025-04-18 19:37:31,595 - Gui.python.logging_config - INFO - RunNumber: 000042
2025-04-18 19:37:31,632 - Gui.python.logging_config - INFO - defaultdict(<function <lambda> at 0x7f0c65350dc0>, {})
2025-04-18 19:39:56,215 - Gui.python.logging_config - WARNING - Initialized variables for QtApplication
2025-04-18 19:39:56,217 - Gui.python.logging_config - INFO - Using default theme
2025-04-18 19:42:00,132 - Gui.python.logging_config - INFO - RunNumber: 000042
2025-04-18 19:42:00,227 - Gui.python.logging_config - INFO - defaultdict(<function <lambda> at 0x7f4626769dc0>, {})
2025-04-18 19:42:01,016 - Gui.python.logging_config - ERROR - Failed to copy root file to output directory. Module disconnection detected because Ph2_ACF didn't create /home/cmsTkUser/Ph2_ACF_GUI/Ph2_ACF/test/Results/Run000042_PixelAlive.root
2025-04-18 19:45:22,435 - Gui.python.logging_config - ERROR - Could not shutdown Peltier: 'QtApplication' object has no attribute 'PeltierCooling'
2025-04-18 19:45:32,848 - Gui.python.logging_config - WARNING - Initialized variables for QtApplication
2025-04-18 19:45:32,849 - Gui.python.logging_config - INFO - Using default theme
2025-04-18 19:47:38,683 - Gui.python.logging_config - INFO - RunNumber: 000042
2025-04-18 19:47:38,788 - Gui.python.logging_config - INFO - defaultdict(<function <lambda> at 0x7ff6d9646dc0>, {})
2025-04-18 19:47:39,605 - Gui.python.logging_config - ERROR - Failed to copy root file to output directory. Module disconnection detected because Ph2_ACF didn't create /home/cmsTkUser/Ph2_ACF_GUI/Ph2_ACF/test/Results/Run000042_PixelAlive.root
2025-04-18 19:50:30,337 - Gui.python.logging_config - WARNING - Initialized variables for QtApplication
2025-04-18 19:50:30,338 - Gui.python.logging_config - INFO - Using default theme
2025-04-18 19:51:22,785 - Gui.python.logging_config - INFO - RunNumber: 000042
2025-04-18 19:51:22,823 - Gui.python.logging_config - INFO - defaultdict(<function <lambda> at 0x7ff73c381dc0>, {})
2025-04-18 19:51:23,574 - Gui.python.logging_config - ERROR - Failed to copy root file to output directory. Module disconnection detected because Ph2_ACF didn't create /home/cmsTkUser/Ph2_ACF_GUI/Ph2_ACF/test/Results/Run000042_PixelAlive.root
2025-04-18 19:53:57,472 - Gui.python.logging_config - INFO - RunNumber: 000042
2025-04-18 19:53:57,556 - Gui.python.logging_config - INFO - defaultdict(<function <lambda> at 0x7ff73c381dc0>, {})
2025-04-18 19:53:58,327 - Gui.python.logging_config - ERROR - Failed to copy root file to output directory. Module disconnection detected because Ph2_ACF didn't create /home/cmsTkUser/Ph2_ACF_GUI/Ph2_ACF/test/Results/Run000042_PixelAlive.root
2025-04-18 20:02:50,194 - Gui.python.logging_config - ERROR - Could not shutdown Peltier: 'QtApplication' object has no attribute 'PeltierCooling'
2025-04-18 20:03:12,288 - Gui.python.logging_config - WARNING - Initialized variables for QtApplication
2025-04-18 20:03:12,288 - Gui.python.logging_config - INFO - Using default theme
2025-04-18 20:03:23,748 - Gui.python.logging_config - ERROR - list index out of range
2025-04-18 20:03:23,749 - Gui.python.logging_config - ERROR - list index out of range
2025-04-18 20:03:23,750 - Gui.python.logging_config - ERROR - list index out of range
2025-04-18 20:03:56,457 - Gui.python.logging_config - INFO - RunNumber: 000042
2025-04-18 20:04:43,708 - Gui.python.logging_config - WARNING - Initialized variables for QtApplication
2025-04-18 20:04:43,709 - Gui.python.logging_config - INFO - Using default theme
2025-04-18 20:05:16,568 - Gui.python.logging_config - ERROR - list index out of range
2025-04-18 20:05:16,569 - Gui.python.logging_config - ERROR - list index out of range
2025-04-18 20:05:24,305 - Gui.python.logging_config - WARNING - Initialized variables for QtApplication
2025-04-18 20:05:24,306 - Gui.python.logging_config - INFO - Using default theme
2025-04-18 20:05:34,438 - Gui.python.logging_config - ERROR - list index out of range
2025-04-18 20:05:34,438 - Gui.python.logging_config - ERROR - list index out of range
2025-04-18 20:06:01,687 - Gui.python.logging_config - INFO - RunNumber: 000042
2025-04-18 20:06:01,736 - Gui.python.logging_config - INFO - defaultdict(<function <lambda> at 0x7f77c0645dc0>, {})
2025-04-18 20:06:02,452 - Gui.python.logging_config - ERROR - Failed to copy root file to output directory. Module disconnection detected because Ph2_ACF didn't create /home/cmsTkUser/Ph2_ACF_GUI/Ph2_ACF/test/Results/Run000042_PixelAlive.root
2025-04-18 20:06:04,371 - Gui.python.logging_config - INFO - RunNumber: 000042
2025-04-18 20:06:04,409 - Gui.python.logging_config - INFO - defaultdict(<function <lambda> at 0x7f77c0645dc0>, {})
2025-04-18 20:06:05,080 - Gui.python.logging_config - ERROR - Failed to copy root file to output directory. Module disconnection detected because Ph2_ACF didn't create /home/cmsTkUser/Ph2_ACF_GUI/Ph2_ACF/test/Results/Run000042_PixelAlive.root
2025-04-18 20:06:57,425 - Gui.python.logging_config - ERROR - Could not shutdown Peltier: 'NoneType' object has no attribute 'sendCommand'
2025-04-18 20:33:06,324 - Gui.python.logging_config - WARNING - Initialized variables for QtApplication
2025-04-18 20:33:06,324 - Gui.python.logging_config - INFO - Using default theme
2025-04-18 20:33:56,120 - Gui.python.logging_config - INFO - RunNumber: 000042
2025-04-18 20:33:56,164 - Gui.python.logging_config - INFO - defaultdict(<function <lambda> at 0x7fcf4ebbfd30>, {})
2025-04-18 20:33:56,978 - Gui.python.logging_config - ERROR - Failed to copy root file to output directory. Module disconnection detected because Ph2_ACF didn't create /home/cmsTkUser/Ph2_ACF_GUI/Ph2_ACF/test/Results/Run000042_PixelAlive.root
2025-04-18 20:39:11,689 - Gui.python.logging_config - ERROR - Could not shutdown Peltier: 'QtApplication' object has no attribute 'PeltierCooling'
2025-04-18 20:39:19,719 - Gui.python.logging_config - WARNING - Initialized variables for QtApplication
2025-04-18 20:39:19,720 - Gui.python.logging_config - INFO - Using default theme
2025-04-18 20:40:16,315 - Gui.python.logging_config - INFO - RunNumber: 000042
2025-04-18 20:40:16,359 - Gui.python.logging_config - INFO - defaultdict(<function <lambda> at 0x7f10d3483e50>, {})
2025-04-18 20:41:04,551 - Gui.python.logging_config - WARNING - Initialized variables for QtApplication
2025-04-18 20:41:04,551 - Gui.python.logging_config - INFO - Using default theme
2025-04-18 20:57:48,033 - Gui.python.logging_config - ERROR - Could not shutdown Peltier: 'QtApplication' object has no attribute 'PeltierCooling'
2025-04-18 20:59:26,297 - Gui.python.logging_config - WARNING - Initialized variables for QtApplication
2025-04-18 20:59:26,298 - Gui.python.logging_config - INFO - Using default theme
2025-04-18 21:00:37,610 - Gui.python.logging_config - INFO - RunNumber: 000042
2025-04-18 21:00:37,728 - Gui.python.logging_config - INFO - defaultdict(<function <lambda> at 0x7f0cef32ae50>, {})
2025-04-18 21:02:47,814 - Gui.python.logging_config - WARNING - Initialized variables for QtApplication
2025-04-18 21:02:47,814 - Gui.python.logging_config - INFO - Using default theme
2025-04-18 21:04:03,261 - Gui.python.logging_config - INFO - RunNumber: 000042
2025-04-18 21:04:03,302 - Gui.python.logging_config - INFO - defaultdict(<function <lambda> at 0x7fa672cfdd30>, {})
2025-04-18 21:04:52,875 - Gui.python.logging_config - WARNING - Initialized variables for QtApplication
2025-04-18 21:04:52,876 - Gui.python.logging_config - INFO - Using default theme
2025-04-18 21:09:07,645 - Gui.python.logging_config - ERROR - Could not shutdown Peltier: 'QtApplication' object has no attribute 'PeltierCooling'
2025-04-29 20:18:50,097 - Gui.python.logging_config - WARNING - Initialized variables for QtApplication
2025-04-29 20:18:50,099 - Gui.python.logging_config - INFO - Using default theme
2025-04-29 20:19:33,784 - Gui.python.logging_config - ERROR - Could not shutdown Peltier: 'QtApplication' object has no attribute 'PeltierCooling'
2025-04-29 20:20:54,071 - Gui.python.logging_config - WARNING - Initialized variables for QtApplication
2025-04-29 20:20:54,071 - Gui.python.logging_config - INFO - Using default theme
2025-04-30 13:41:28,256 - Gui.python.logging_config - WARNING - Initialized variables for QtApplication
2025-04-30 13:41:28,258 - Gui.python.logging_config - INFO - Using default theme
2025-04-30 13:50:14,489 - Gui.python.logging_config - ERROR - Could not shutdown Peltier: 'QtApplication' object has no attribute 'PeltierCooling'
2025-04-30 13:50:26,774 - Gui.python.logging_config - WARNING - Initialized variables for QtApplication
2025-04-30 13:50:26,775 - Gui.python.logging_config - INFO - Using default theme
2025-04-30 13:53:08,848 - Gui.python.logging_config - WARNING - Initialized variables for QtApplication
2025-04-30 13:53:08,849 - Gui.python.logging_config - INFO - Using default theme
2025-04-30 13:54:44,180 - Gui.python.logging_config - ERROR - Could not shutdown Peltier: 'QtApplication' object has no attribute 'PeltierCooling'
2025-04-30 13:54:55,030 - Gui.python.logging_config - WARNING - Initialized variables for QtApplication
2025-04-30 13:54:55,031 - Gui.python.logging_config - INFO - Using default theme
2025-04-30 13:57:09,955 - Gui.python.logging_config - ERROR - Could not shutdown Peltier: 'QtApplication' object has no attribute 'PeltierCooling'
2025-04-30 13:57:25,182 - Gui.python.logging_config - WARNING - Initialized variables for QtApplication
2025-04-30 13:57:25,183 - Gui.python.logging_config - INFO - Using default theme
2025-04-30 14:00:50,239 - Gui.python.logging_config - ERROR - Could not shutdown Peltier: 'QtApplication' object has no attribute 'PeltierCooling'
2025-04-30 14:01:50,150 - Gui.python.logging_config - WARNING - Initialized variables for QtApplication
2025-04-30 14:01:50,152 - Gui.python.logging_config - INFO - Using default theme
2025-04-30 14:02:56,267 - Gui.python.logging_config - WARNING - Initialized variables for QtApplication
2025-04-30 14:02:56,268 - Gui.python.logging_config - INFO - Using default theme
2025-04-30 14:16:00,597 - Gui.python.logging_config - ERROR - Could not shutdown Peltier: 'QtApplication' object has no attribute 'PeltierCooling'
2025-04-30 14:17:51,367 - Gui.python.logging_config - WARNING - Initialized variables for QtApplication
2025-04-30 14:17:51,368 - Gui.python.logging_config - INFO - Using default theme
2025-04-30 14:21:07,504 - Gui.python.logging_config - ERROR - Could not shutdown Peltier: 'QtApplication' object has no attribute 'PeltierCooling'
2025-04-30 14:22:13,737 - Gui.python.logging_config - WARNING - Initialized variables for QtApplication
2025-04-30 14:22:13,738 - Gui.python.logging_config - INFO - Using default theme
2025-04-30 14:32:15,765 - Gui.python.logging_config - ERROR - Could not shutdown Peltier: 'QtApplication' object has no attribute 'PeltierCooling'
2025-04-30 14:32:28,208 - Gui.python.logging_config - WARNING - Initialized variables for QtApplication
2025-04-30 14:32:28,209 - Gui.python.logging_config - INFO - Using default theme
2025-04-30 14:34:08,492 - Gui.python.logging_config - ERROR - Could not shutdown Peltier: 'QtApplication' object has no attribute 'PeltierCooling'
2025-04-30 14:34:19,307 - Gui.python.logging_config - WARNING - Initialized variables for QtApplication
2025-04-30 14:34:19,307 - Gui.python.logging_config - INFO - Using default theme
2025-04-30 14:36:17,032 - Gui.python.logging_config - ERROR - Could not shutdown Peltier: 'QtApplication' object has no attribute 'PeltierCooling'
2025-04-30 14:36:23,077 - Gui.python.logging_config - WARNING - Initialized variables for QtApplication
2025-04-30 14:36:23,078 - Gui.python.logging_config - INFO - Using default theme
2025-04-30 14:43:14,197 - Gui.python.logging_config - ERROR - Could not shutdown Peltier: 'QtApplication' object has no attribute 'PeltierCooling'
2025-04-30 14:43:23,720 - Gui.python.logging_config - WARNING - Initialized variables for QtApplication
2025-04-30 14:43:23,721 - Gui.python.logging_config - INFO - Using default theme
2025-04-30 14:45:07,435 - Gui.python.logging_config - WARNING - Initialized variables for QtApplication
2025-04-30 14:45:07,436 - Gui.python.logging_config - INFO - Using default theme
2025-04-30 14:54:49,449 - Gui.python.logging_config - ERROR - Could not shutdown Peltier: 'QtApplication' object has no attribute 'PeltierCooling'
2025-04-30 15:45:51,007 - Gui.python.logging_config - WARNING - Initialized variables for QtApplication
2025-04-30 15:45:51,009 - Gui.python.logging_config - INFO - Using default theme
2025-04-30 15:48:03,642 - Gui.python.logging_config - ERROR - Could not shutdown Peltier: 'QtApplication' object has no attribute 'PeltierCooling'
2025-04-30 15:50:52,597 - Gui.python.logging_config - WARNING - Initialized variables for QtApplication
2025-04-30 15:50:52,599 - Gui.python.logging_config - INFO - Using default theme
2025-04-30 15:58:06,001 - Gui.python.logging_config - WARNING - Initialized variables for QtApplication
2025-04-30 15:58:06,002 - Gui.python.logging_config - INFO - Using default theme
2025-04-30 16:00:19,925 - Gui.python.logging_config - ERROR - Could not shutdown Peltier: 'QtApplication' object has no attribute 'PeltierCooling'
2025-04-30 16:01:03,000 - Gui.python.logging_config - WARNING - Initialized variables for QtApplication
2025-04-30 16:01:03,001 - Gui.python.logging_config - INFO - Using default theme
2025-04-30 16:03:50,084 - Gui.python.logging_config - ERROR - Could not shutdown Peltier: 'QtApplication' object has no attribute 'PeltierCooling'
2025-04-30 16:04:04,034 - Gui.python.logging_config - WARNING - Initialized variables for QtApplication
2025-04-30 16:04:04,035 - Gui.python.logging_config - INFO - Using default theme
2025-04-30 16:06:03,401 - Gui.python.logging_config - WARNING - Initialized variables for QtApplication
2025-04-30 16:06:03,402 - Gui.python.logging_config - INFO - Using default theme
2025-04-30 16:08:28,008 - Gui.python.logging_config - WARNING - Initialized variables for QtApplication
2025-04-30 16:08:28,009 - Gui.python.logging_config - INFO - Using default theme
2025-04-30 16:15:24,607 - Gui.python.logging_config - ERROR - Could not shutdown Peltier: 'QtApplication' object has no attribute 'PeltierCooling'
2025-04-30 16:51:46,727 - Gui.python.logging_config - WARNING - Initialized variables for QtApplication
2025-04-30 16:51:46,730 - Gui.python.logging_config - INFO - Using default theme
2025-04-30 16:57:57,570 - Gui.python.logging_config - ERROR - Could not shutdown Peltier: 'QtApplication' object has no attribute 'PeltierCooling'
2025-04-30 16:59:02,673 - Gui.python.logging_config - WARNING - Initialized variables for QtApplication
2025-04-30 16:59:02,673 - Gui.python.logging_config - INFO - Using default theme
2025-04-30 17:01:15,225 - Gui.python.logging_config - ERROR - Could not shutdown Peltier: 'QtApplication' object has no attribute 'PeltierCooling'
2025-04-30 17:04:07,149 - Gui.python.logging_config - WARNING - Initialized variables for QtApplication
2025-04-30 17:04:07,150 - Gui.python.logging_config - INFO - Using default theme
2025-04-30 17:05:20,252 - Gui.python.logging_config - INFO - RunNumber: 000042
2025-04-30 17:05:38,020 - Gui.python.logging_config - WARNING - Initialized variables for QtApplication
2025-04-30 17:05:38,020 - Gui.python.logging_config - INFO - Using default theme
2025-04-30 17:13:07,427 - Gui.python.logging_config - ERROR - Could not shutdown Peltier: 'QtApplication' object has no attribute 'PeltierCooling'
2025-04-30 17:13:12,137 - Gui.python.logging_config - WARNING - Initialized variables for QtApplication
2025-04-30 17:13:12,138 - Gui.python.logging_config - INFO - Using default theme
2025-04-30 17:14:44,134 - Gui.python.logging_config - INFO - RunNumber: 000042
2025-04-30 17:18:01,669 - Gui.python.logging_config - WARNING - Initialized variables for QtApplication
2025-04-30 17:18:01,669 - Gui.python.logging_config - INFO - Using default theme
2025-04-30 17:20:31,385 - Gui.python.logging_config - INFO - RunNumber: 000042
2025-04-30 17:23:13,156 - Gui.python.logging_config - WARNING - Initialized variables for QtApplication
2025-04-30 17:23:13,156 - Gui.python.logging_config - INFO - Using default theme
2025-04-30 17:26:00,390 - Gui.python.logging_config - INFO - RunNumber: 000042
2025-04-30 17:34:48,477 - Gui.python.logging_config - WARNING - Initialized variables for QtApplication
2025-04-30 17:34:48,481 - Gui.python.logging_config - INFO - Using default theme
2025-04-30 17:37:07,283 - Gui.python.logging_config - WARNING - Initialized variables for QtApplication
2025-04-30 17:37:07,284 - Gui.python.logging_config - INFO - Using default theme
2025-04-30 17:38:56,047 - Gui.python.logging_config - WARNING - Initialized variables for QtApplication
2025-04-30 17:38:56,047 - Gui.python.logging_config - INFO - Using default theme
2025-04-30 17:40:25,754 - Gui.python.logging_config - INFO - RunNumber: 000042
2025-04-30 17:40:25,835 - Gui.python.logging_config - INFO - defaultdict(<function <lambda> at 0x7f2b6a7bde50>, {})
2025-04-30 17:42:30,724 - Gui.python.logging_config - ERROR - Could not shutdown Peltier: 'QtApplication' object has no attribute 'PeltierCooling'
2025-04-30 17:42:46,025 - Gui.python.logging_config - WARNING - Initialized variables for QtApplication
2025-04-30 17:42:46,025 - Gui.python.logging_config - INFO - Using default theme
2025-04-30 17:42:56,356 - Gui.python.logging_config - ERROR - list index out of range
2025-04-30 17:42:56,358 - Gui.python.logging_config - ERROR - list index out of range
2025-04-30 17:43:50,601 - Gui.python.logging_config - INFO - RunNumber: 000043
2025-04-30 17:43:50,652 - Gui.python.logging_config - INFO - defaultdict(<function <lambda> at 0x7fe7258a6e50>, {})
2025-04-30 17:44:51,397 - Gui.python.logging_config - INFO - RunNumber: 000044
2025-04-30 17:44:51,471 - Gui.python.logging_config - INFO - defaultdict(<function <lambda> at 0x7fe7258a6e50>, {})
2025-04-30 17:47:59,640 - Gui.python.logging_config - ERROR - Could not shutdown Peltier: 'NoneType' object has no attribute 'sendCommand'
2025-04-30 17:57:59,936 - Gui.python.logging_config - WARNING - Initialized variables for QtApplication
2025-04-30 17:57:59,937 - Gui.python.logging_config - INFO - Using default theme
2025-04-30 17:59:51,471 - Gui.python.logging_config - WARNING - Initialized variables for QtApplication
2025-04-30 17:59:51,471 - Gui.python.logging_config - INFO - Using default theme
2025-04-30 18:03:24,211 - Gui.python.logging_config - WARNING - Initialized variables for QtApplication
2025-04-30 18:03:24,211 - Gui.python.logging_config - INFO - Using default theme
2025-04-30 18:06:48,588 - Gui.python.logging_config - ERROR - Could not shutdown Peltier: 'QtApplication' object has no attribute 'PeltierCooling'
2025-04-30 18:06:59,334 - Gui.python.logging_config - WARNING - Initialized variables for QtApplication
2025-04-30 18:06:59,335 - Gui.python.logging_config - INFO - Using default theme
2025-04-30 18:09:53,650 - Gui.python.logging_config - ERROR - Could not shutdown Peltier: 'QtApplication' object has no attribute 'PeltierCooling'
2025-04-30 18:11:51,660 - Gui.python.logging_config - WARNING - Initialized variables for QtApplication
2025-04-30 18:11:51,660 - Gui.python.logging_config - INFO - Using default theme
2025-04-30 18:12:59,578 - Gui.python.logging_config - ERROR - Could not shutdown Peltier: 'QtApplication' object has no attribute 'PeltierCooling'
2025-04-30 18:13:07,867 - Gui.python.logging_config - WARNING - Initialized variables for QtApplication
2025-04-30 18:13:07,868 - Gui.python.logging_config - INFO - Using default theme
2025-04-30 18:15:54,700 - Gui.python.logging_config - ERROR - Could not shutdown Peltier: 'QtApplication' object has no attribute 'PeltierCooling'
2025-04-30 18:16:03,101 - Gui.python.logging_config - WARNING - Initialized variables for QtApplication
2025-04-30 18:16:03,102 - Gui.python.logging_config - INFO - Using default theme
2025-04-30 18:25:02,830 - Gui.python.logging_config - ERROR - Could not shutdown Peltier: 'QtApplication' object has no attribute 'PeltierCooling'
2025-04-30 18:25:13,684 - Gui.python.logging_config - WARNING - Initialized variables for QtApplication
2025-04-30 18:25:13,685 - Gui.python.logging_config - INFO - Using default theme
2025-04-30 18:25:43,058 - Gui.python.logging_config - ERROR - Could not shutdown Peltier: 'QtApplication' object has no attribute 'PeltierCooling'
2025-05-02 17:10:33,532 - Gui.python.logging_config - WARNING - Initialized variables for QtApplication
2025-05-02 17:10:33,534 - Gui.python.logging_config - INFO - Using default theme
2025-05-02 17:12:42,505 - Gui.python.logging_config - ERROR - Could not shutdown Peltier: 'QtApplication' object has no attribute 'PeltierCooling'
2025-05-02 17:40:42,414 - Gui.python.logging_config - WARNING - Initialized variables for QtApplication
2025-05-02 17:40:42,416 - Gui.python.logging_config - INFO - Using default theme
2025-05-02 18:05:02,262 - Gui.python.logging_config - ERROR - Could not shutdown Peltier: 'QtApplication' object has no attribute 'PeltierCooling'
2025-05-02 18:12:12,156 - Gui.python.logging_config - WARNING - Initialized variables for QtApplication
2025-05-02 18:12:12,158 - Gui.python.logging_config - INFO - Using default theme
2025-05-02 18:38:32,906 - Gui.python.logging_config - ERROR - Could not shutdown Peltier: 'QtApplication' object has no attribute 'PeltierCooling'
2025-05-02 18:38:40,655 - Gui.python.logging_config - WARNING - Initialized variables for QtApplication
2025-05-02 18:38:40,656 - Gui.python.logging_config - INFO - Using default theme
2025-05-02 18:40:11,486 - Gui.python.logging_config - WARNING - Initialized variables for QtApplication
2025-05-02 18:40:11,487 - Gui.python.logging_config - INFO - Using default theme
2025-05-02 18:42:46,245 - Gui.python.logging_config - ERROR - Could not shutdown Peltier: 'QtApplication' object has no attribute 'PeltierCooling'
2025-05-02 18:42:56,084 - Gui.python.logging_config - WARNING - Initialized variables for QtApplication
2025-05-02 18:42:56,084 - Gui.python.logging_config - INFO - Using default theme
2025-05-02 18:45:06,122 - Gui.python.logging_config - WARNING - Initialized variables for QtApplication
2025-05-02 18:45:06,123 - Gui.python.logging_config - INFO - Using default theme
2025-05-02 18:46:31,955 - Gui.python.logging_config - ERROR - Could not shutdown Peltier: 'QtApplication' object has no attribute 'PeltierCooling'
2025-05-02 18:46:55,538 - Gui.python.logging_config - WARNING - Initialized variables for QtApplication
2025-05-02 18:46:55,539 - Gui.python.logging_config - INFO - Using default theme
2025-05-02 18:48:56,269 - Gui.python.logging_config - ERROR - Could not shutdown Peltier: 'QtApplication' object has no attribute 'PeltierCooling'
2025-05-02 18:49:02,904 - Gui.python.logging_config - WARNING - Initialized variables for QtApplication
2025-05-02 18:49:02,904 - Gui.python.logging_config - INFO - Using default theme
2025-05-02 18:51:50,338 - Gui.python.logging_config - ERROR - Could not shutdown Peltier: 'QtApplication' object has no attribute 'PeltierCooling'
2025-05-02 18:52:05,217 - Gui.python.logging_config - WARNING - Initialized variables for QtApplication
2025-05-02 18:52:05,218 - Gui.python.logging_config - INFO - Using default theme
2025-05-02 18:53:45,395 - Gui.python.logging_config - ERROR - Could not shutdown Peltier: 'QtApplication' object has no attribute 'PeltierCooling'
2025-05-02 18:53:51,213 - Gui.python.logging_config - WARNING - Initialized variables for QtApplication
2025-05-02 18:53:51,214 - Gui.python.logging_config - INFO - Using default theme
2025-05-02 19:04:55,521 - Gui.python.logging_config - WARNING - Initialized variables for QtApplication
2025-05-02 19:04:55,524 - Gui.python.logging_config - INFO - Using default theme
2025-05-02 19:06:47,452 - Gui.python.logging_config - ERROR - Could not shutdown Peltier: 'QtApplication' object has no attribute 'PeltierCooling'
2025-05-02 19:07:01,579 - Gui.python.logging_config - WARNING - Initialized variables for QtApplication
2025-05-02 19:07:01,580 - Gui.python.logging_config - INFO - Using default theme
2025-05-02 19:09:59,406 - Gui.python.logging_config - ERROR - Could not shutdown Peltier: 'QtApplication' object has no attribute 'PeltierCooling'
2025-05-02 19:10:05,561 - Gui.python.logging_config - WARNING - Initialized variables for QtApplication
2025-05-02 19:10:05,562 - Gui.python.logging_config - INFO - Using default theme
2025-05-02 19:11:14,959 - Gui.python.logging_config - ERROR - Could not shutdown Peltier: 'QtApplication' object has no attribute 'PeltierCooling'
2025-05-02 19:11:25,319 - Gui.python.logging_config - WARNING - Initialized variables for QtApplication
2025-05-02 19:11:25,319 - Gui.python.logging_config - INFO - Using default theme
2025-05-02 19:12:37,216 - Gui.python.logging_config - ERROR - Could not shutdown Peltier: 'QtApplication' object has no attribute 'PeltierCooling'
2025-05-02 19:13:01,569 - Gui.python.logging_config - WARNING - Initialized variables for QtApplication
2025-05-02 19:13:01,570 - Gui.python.logging_config - INFO - Using default theme
2025-05-02 19:18:19,043 - Gui.python.logging_config - ERROR - Could not shutdown Peltier: 'QtApplication' object has no attribute 'PeltierCooling'
2025-05-02 19:18:27,905 - Gui.python.logging_config - WARNING - Initialized variables for QtApplication
2025-05-02 19:18:27,906 - Gui.python.logging_config - INFO - Using default theme
2025-05-02 19:24:13,532 - Gui.python.logging_config - ERROR - Could not shutdown Peltier: 'QtApplication' object has no attribute 'PeltierCooling'
2025-05-02 19:32:34,466 - Gui.python.logging_config - WARNING - Initialized variables for QtApplication
2025-05-02 19:32:34,467 - Gui.python.logging_config - INFO - Using default theme
2025-05-02 19:34:57,194 - Gui.python.logging_config - WARNING - Initialized variables for QtApplication
2025-05-02 19:34:57,195 - Gui.python.logging_config - INFO - Using default theme
2025-05-02 19:37:35,300 - Gui.python.logging_config - WARNING - Initialized variables for QtApplication
2025-05-02 19:37:35,300 - Gui.python.logging_config - INFO - Using default theme
2025-05-02 19:40:46,960 - Gui.python.logging_config - WARNING - Initialized variables for QtApplication
2025-05-02 19:40:46,961 - Gui.python.logging_config - INFO - Using default theme
2025-05-02 19:45:59,849 - Gui.python.logging_config - WARNING - Initialized variables for QtApplication
2025-05-02 19:45:59,850 - Gui.python.logging_config - INFO - Using default theme
2025-05-02 19:49:34,788 - Gui.python.logging_config - ERROR - Could not shutdown Peltier: 'QtApplication' object has no attribute 'PeltierCooling'
2025-05-02 19:49:48,767 - Gui.python.logging_config - WARNING - Initialized variables for QtApplication
2025-05-02 19:49:48,768 - Gui.python.logging_config - INFO - Using default theme
2025-05-02 19:51:43,307 - Gui.python.logging_config - ERROR - Could not shutdown Peltier: 'QtApplication' object has no attribute 'PeltierCooling'
2025-05-02 19:51:50,684 - Gui.python.logging_config - WARNING - Initialized variables for QtApplication
2025-05-02 19:51:50,685 - Gui.python.logging_config - INFO - Using default theme
2025-05-02 19:55:23,626 - Gui.python.logging_config - ERROR - Could not shutdown Peltier: 'QtApplication' object has no attribute 'PeltierCooling'
2025-05-02 19:55:50,853 - Gui.python.logging_config - WARNING - Initialized variables for QtApplication
2025-05-02 19:55:50,854 - Gui.python.logging_config - INFO - Using default theme
2025-05-02 19:57:12,874 - Gui.python.logging_config - ERROR - Could not shutdown Peltier: 'QtApplication' object has no attribute 'PeltierCooling'
2025-05-02 19:57:22,181 - Gui.python.logging_config - WARNING - Initialized variables for QtApplication
2025-05-02 19:57:22,182 - Gui.python.logging_config - INFO - Using default theme
2025-05-02 19:59:00,275 - Gui.python.logging_config - WARNING - Initialized variables for QtApplication
2025-05-02 19:59:00,276 - Gui.python.logging_config - INFO - Using default theme
2025-05-02 20:00:06,271 - Gui.python.logging_config - WARNING - Initialized variables for QtApplication
2025-05-02 20:00:06,272 - Gui.python.logging_config - INFO - Using default theme
2025-05-02 20:00:59,821 - Gui.python.logging_config - WARNING - Initialized variables for QtApplication
2025-05-02 20:00:59,822 - Gui.python.logging_config - INFO - Using default theme
2025-05-02 20:19:31,305 - Gui.python.logging_config - ERROR - Could not shutdown Peltier: 'QtApplication' object has no attribute 'PeltierCooling'
2025-05-02 20:19:40,868 - Gui.python.logging_config - WARNING - Initialized variables for QtApplication
2025-05-02 20:19:40,869 - Gui.python.logging_config - INFO - Using default theme
2025-05-02 20:23:58,754 - Gui.python.logging_config - WARNING - Initialized variables for QtApplication
2025-05-02 20:23:58,755 - Gui.python.logging_config - INFO - Using default theme
2025-05-02 20:26:48,235 - Gui.python.logging_config - WARNING - Initialized variables for QtApplication
2025-05-02 20:26:48,236 - Gui.python.logging_config - INFO - Using default theme
2025-05-02 20:28:40,588 - Gui.python.logging_config - WARNING - Initialized variables for QtApplication
2025-05-02 20:28:40,589 - Gui.python.logging_config - INFO - Using default theme
2025-05-02 20:33:03,858 - Gui.python.logging_config - ERROR - Could not shutdown Peltier: 'QtApplication' object has no attribute 'PeltierCooling'
2025-05-02 20:33:10,309 - Gui.python.logging_config - WARNING - Initialized variables for QtApplication
2025-05-02 20:33:10,310 - Gui.python.logging_config - INFO - Using default theme
2025-05-02 20:34:07,859 - Gui.python.logging_config - WARNING - Initialized variables for QtApplication
2025-05-02 20:34:07,861 - Gui.python.logging_config - INFO - Using default theme
2025-05-02 20:35:28,589 - Gui.python.logging_config - ERROR - Could not shutdown Peltier: 'QtApplication' object has no attribute 'PeltierCooling'
2025-05-02 20:35:36,036 - Gui.python.logging_config - WARNING - Initialized variables for QtApplication
2025-05-02 20:35:36,037 - Gui.python.logging_config - INFO - Using default theme
2025-05-02 20:38:39,966 - Gui.python.logging_config - ERROR - Could not shutdown Peltier: 'QtApplication' object has no attribute 'PeltierCooling'
2025-05-02 20:38:49,458 - Gui.python.logging_config - WARNING - Initialized variables for QtApplication
2025-05-02 20:38:49,459 - Gui.python.logging_config - INFO - Using default theme
2025-05-02 20:44:25,574 - Gui.python.logging_config - ERROR - Could not shutdown Peltier: 'QtApplication' object has no attribute 'PeltierCooling'
2025-05-02 20:44:34,576 - Gui.python.logging_config - WARNING - Initialized variables for QtApplication
2025-05-02 20:44:34,577 - Gui.python.logging_config - INFO - Using default theme
2025-05-02 20:46:34,676 - Gui.python.logging_config - ERROR - Could not shutdown Peltier: 'QtApplication' object has no attribute 'PeltierCooling'
2025-05-02 20:46:40,601 - Gui.python.logging_config - WARNING - Initialized variables for QtApplication
2025-05-02 20:46:40,602 - Gui.python.logging_config - INFO - Using default theme
2025-05-02 20:47:28,505 - Gui.python.logging_config - WARNING - Initialized variables for QtApplication
2025-05-02 20:47:28,505 - Gui.python.logging_config - INFO - Using default theme
2025-05-02 20:49:18,675 - Gui.python.logging_config - WARNING - Initialized variables for QtApplication
2025-05-02 20:49:18,676 - Gui.python.logging_config - INFO - Using default theme
2025-05-02 20:51:19,193 - Gui.python.logging_config - WARNING - Initialized variables for QtApplication
2025-05-02 20:51:19,194 - Gui.python.logging_config - INFO - Using default theme
2025-05-02 20:54:29,095 - Gui.python.logging_config - WARNING - Initialized variables for QtApplication
2025-05-02 20:54:29,096 - Gui.python.logging_config - INFO - Using default theme
2025-05-02 20:59:19,395 - Gui.python.logging_config - ERROR - Could not shutdown Peltier: 'QtApplication' object has no attribute 'PeltierCooling'
2025-05-02 20:59:32,365 - Gui.python.logging_config - WARNING - Initialized variables for QtApplication
2025-05-02 20:59:32,366 - Gui.python.logging_config - INFO - Using default theme
2025-05-02 21:05:42,114 - Gui.python.logging_config - ERROR - Could not shutdown Peltier: 'QtApplication' object has no attribute 'PeltierCooling'
2025-05-02 21:05:48,698 - Gui.python.logging_config - WARNING - Initialized variables for QtApplication
2025-05-02 21:05:48,699 - Gui.python.logging_config - INFO - Using default theme
2025-05-02 21:12:47,499 - Gui.python.logging_config - ERROR - Could not shutdown Peltier: 'QtApplication' object has no attribute 'PeltierCooling'
2025-05-02 21:13:16,427 - Gui.python.logging_config - WARNING - Initialized variables for QtApplication
2025-05-02 21:13:16,428 - Gui.python.logging_config - INFO - Using default theme
2025-05-02 21:22:08,037 - Gui.python.logging_config - ERROR - Could not shutdown Peltier: 'QtApplication' object has no attribute 'PeltierCooling'
2025-05-02 21:22:20,700 - Gui.python.logging_config - WARNING - Initialized variables for QtApplication
2025-05-02 21:22:20,701 - Gui.python.logging_config - INFO - Using default theme
2025-05-02 21:23:59,071 - Gui.python.logging_config - WARNING - Initialized variables for QtApplication
2025-05-02 21:23:59,071 - Gui.python.logging_config - INFO - Using default theme
2025-05-05 13:29:43,506 - Gui.python.logging_config - WARNING - Initialized variables for QtApplication
2025-05-05 13:29:43,507 - Gui.python.logging_config - INFO - Using default theme
2025-05-05 13:44:40,952 - Gui.python.logging_config - ERROR - Could not shutdown Peltier: 'QtApplication' object has no attribute 'PeltierCooling'
2025-05-05 13:44:52,339 - Gui.python.logging_config - WARNING - Initialized variables for QtApplication
2025-05-05 13:44:52,339 - Gui.python.logging_config - INFO - Using default theme
2025-05-05 13:48:54,315 - Gui.python.logging_config - ERROR - Could not shutdown Peltier: 'QtApplication' object has no attribute 'PeltierCooling'
2025-05-05 13:49:05,083 - Gui.python.logging_config - WARNING - Initialized variables for QtApplication
2025-05-05 13:49:05,083 - Gui.python.logging_config - INFO - Using default theme
2025-05-05 13:53:30,189 - Gui.python.logging_config - ERROR - Could not shutdown Peltier: 'QtApplication' object has no attribute 'PeltierCooling'
2025-05-05 13:55:12,419 - Gui.python.logging_config - WARNING - Initialized variables for QtApplication
2025-05-05 13:55:12,420 - Gui.python.logging_config - INFO - Using default theme
2025-05-05 14:02:09,459 - Gui.python.logging_config - WARNING - Initialized variables for QtApplication
2025-05-05 14:02:09,461 - Gui.python.logging_config - INFO - Using default theme
2025-05-05 14:02:52,094 - Gui.python.logging_config - WARNING - Initialized variables for QtApplication
2025-05-05 14:02:52,095 - Gui.python.logging_config - INFO - Using default theme
2025-05-05 14:05:22,869 - Gui.python.logging_config - INFO - RunNumber: 000045
2025-05-05 14:05:22,912 - Gui.python.logging_config - INFO - defaultdict(<function <lambda> at 0x7f00e3118ee0>, {})
2025-05-05 14:05:24,103 - Gui.python.logging_config - ERROR - Failed to copy root file to output directory. Module disconnection detected because Ph2_ACF didn't create /home/cmsTkUser/Ph2_ACF_GUI/Ph2_ACF/test/Results/Run000045_PixelAlive.root
2025-05-05 14:12:16,629 - Gui.python.logging_config - ERROR - Could not shutdown Peltier: 'QtApplication' object has no attribute 'PeltierCooling'
2025-05-05 14:23:36,526 - Gui.python.logging_config - WARNING - Initialized variables for QtApplication
2025-05-05 14:23:36,527 - Gui.python.logging_config - INFO - Using default theme
2025-05-05 14:25:13,250 - Gui.python.logging_config - INFO - RunNumber: 000045
2025-05-05 14:25:13,362 - Gui.python.logging_config - INFO - defaultdict(<function <lambda> at 0x7f4bd9aa6ee0>, {})
2025-05-05 14:26:34,037 - Gui.python.logging_config - INFO - Creating /home/cmsTkUser/Ph2_ACF_GUI/Gui/.tmp/Run000045
2025-05-05 14:26:34,218 - Gui.python.logging_config - INFO - /home/cmsTkUser/Ph2_ACF_GUI/Gui/.tmp/Run000045/D_B(0)_O(0)_H(0)_SCurves_Chip(12).svg is saved
2025-05-05 14:26:34,231 - Gui.python.logging_config - INFO - Displaying /home/cmsTkUser/Ph2_ACF_GUI/Gui/.tmp/Run000045/D_B(0)_O(0)_H(0)_SCurves_Chip(12).svg
2025-05-05 14:27:58,647 - Gui.python.logging_config - ERROR - Could not shutdown Peltier: 'QtApplication' object has no attribute 'PeltierCooling'
2025-05-05 14:28:10,379 - Gui.python.logging_config - WARNING - Initialized variables for QtApplication
2025-05-05 14:28:10,380 - Gui.python.logging_config - INFO - Using default theme
2025-05-05 14:30:27,433 - Gui.python.logging_config - INFO - RunNumber: 000046
2025-05-05 14:30:27,555 - Gui.python.logging_config - INFO - defaultdict(<function <lambda> at 0x7f054d411ee0>, {})
2025-05-05 14:45:11,348 - Gui.python.logging_config - INFO - Creating /home/cmsTkUser/Ph2_ACF_GUI/Gui/.tmp/Run000046
2025-05-05 14:45:11,469 - Gui.python.logging_config - INFO - /home/cmsTkUser/Ph2_ACF_GUI/Gui/.tmp/Run000046/D_B(0)_O(0)_H(0)_SCurves_Chip(12).svg is saved
2025-05-05 14:45:11,487 - Gui.python.logging_config - INFO - Displaying /home/cmsTkUser/Ph2_ACF_GUI/Gui/.tmp/Run000046/D_B(0)_O(0)_H(0)_SCurves_Chip(12).svg
2025-05-05 14:45:22,901 - Gui.python.logging_config - INFO - /home/cmsTkUser/Ph2_ACF_GUI/Gui/.tmp/Run000046/D_B(0)_O(0)_H(0)_Threshold1D_Chip(12).svg is saved
2025-05-05 14:45:22,907 - Gui.python.logging_config - INFO - Displaying /home/cmsTkUser/Ph2_ACF_GUI/Gui/.tmp/Run000046/D_B(0)_O(0)_H(0)_Threshold1D_Chip(12).svg
2025-05-05 15:01:07,094 - Gui.python.logging_config - ERROR - Could not shutdown Peltier: 'QtApplication' object has no attribute 'PeltierCooling'
2025-05-05 15:01:37,053 - Gui.python.logging_config - WARNING - Initialized variables for QtApplication
2025-05-05 15:01:37,054 - Gui.python.logging_config - INFO - Using default theme
2025-05-05 15:03:11,454 - Gui.python.logging_config - ERROR - Could not shutdown Peltier: 'QtApplication' object has no attribute 'PeltierCooling'
2025-05-05 15:12:54,617 - Gui.python.logging_config - WARNING - Initialized variables for QtApplication
2025-05-05 15:12:54,618 - Gui.python.logging_config - INFO - Using default theme
2025-05-05 15:23:09,359 - Gui.python.logging_config - ERROR - Could not shutdown Peltier: 'QtApplication' object has no attribute 'PeltierCooling'
2025-05-05 15:23:20,124 - Gui.python.logging_config - WARNING - Initialized variables for QtApplication
2025-05-05 15:23:20,124 - Gui.python.logging_config - INFO - Using default theme
2025-05-05 15:26:35,446 - Gui.python.logging_config - WARNING - Initialized variables for QtApplication
2025-05-05 15:26:35,447 - Gui.python.logging_config - INFO - Using default theme
2025-05-05 15:29:09,629 - Gui.python.logging_config - WARNING - Initialized variables for QtApplication
2025-05-05 15:29:09,630 - Gui.python.logging_config - INFO - Using default theme
2025-05-05 15:33:48,495 - Gui.python.logging_config - ERROR - Could not shutdown Peltier: 'QtApplication' object has no attribute 'PeltierCooling'
2025-05-05 15:34:01,026 - Gui.python.logging_config - WARNING - Initialized variables for QtApplication
2025-05-05 15:34:01,027 - Gui.python.logging_config - INFO - Using default theme
2025-05-05 15:36:04,939 - Gui.python.logging_config - INFO - RunNumber: 000047
2025-05-05 15:36:04,982 - Gui.python.logging_config - INFO - defaultdict(<function <lambda> at 0x7ff4bc52bee0>, {})
2025-05-05 15:41:14,002 - Gui.python.logging_config - ERROR - Could not shutdown Peltier: 'QtApplication' object has no attribute 'PeltierCooling'
2025-05-05 15:41:21,878 - Gui.python.logging_config - WARNING - Initialized variables for QtApplication
2025-05-05 15:41:21,879 - Gui.python.logging_config - INFO - Using default theme
2025-05-05 15:42:53,303 - Gui.python.logging_config - INFO - RunNumber: 000047
2025-05-05 15:42:53,351 - Gui.python.logging_config - INFO - defaultdict(<function <lambda> at 0x7f0f0cbf0ee0>, {})
2025-05-05 16:04:28,642 - Gui.python.logging_config - ERROR - Could not shutdown Peltier: 'QtApplication' object has no attribute 'PeltierCooling'
2025-05-05 16:16:04,971 - Gui.python.logging_config - WARNING - Initialized variables for QtApplication
2025-05-05 16:16:04,972 - Gui.python.logging_config - INFO - Using default theme
2025-05-05 16:18:31,502 - Gui.python.logging_config - INFO - RunNumber: 000047
2025-05-05 16:18:31,549 - Gui.python.logging_config - INFO - defaultdict(<function <lambda> at 0x7f0ef9056ee0>, {})
2025-05-05 16:25:15,134 - Gui.python.logging_config - ERROR - Could not shutdown Peltier: 'QtApplication' object has no attribute 'PeltierCooling'
2025-05-05 16:31:44,472 - Gui.python.logging_config - WARNING - Initialized variables for QtApplication
2025-05-05 16:31:44,474 - Gui.python.logging_config - INFO - Using default theme
2025-05-05 16:32:31,747 - Gui.python.logging_config - INFO - RunNumber: 000047
2025-05-05 16:32:31,787 - Gui.python.logging_config - INFO - defaultdict(<function <lambda> at 0x7f9b31efbe50>, {})
2025-05-05 16:35:18,419 - Gui.python.logging_config - INFO - RunNumber: 000047
2025-05-05 16:36:04,021 - Gui.python.logging_config - WARNING - Initialized variables for QtApplication
2025-05-05 16:36:04,022 - Gui.python.logging_config - INFO - Using default theme
2025-05-05 16:51:16,258 - Gui.python.logging_config - INFO - RunNumber: 000047
2025-05-05 16:51:16,307 - Gui.python.logging_config - INFO - defaultdict(<function <lambda> at 0x7fed21457e50>, {})
2025-05-05 17:28:12,199 - Gui.python.logging_config - ERROR - Could not shutdown Peltier: 'QtApplication' object has no attribute 'PeltierCooling'
2025-05-05 17:30:17,612 - Gui.python.logging_config - WARNING - Initialized variables for QtApplication
2025-05-05 17:30:17,613 - Gui.python.logging_config - INFO - Using default theme
2025-05-05 17:32:08,837 - Gui.python.logging_config - INFO - RunNumber: 000047
2025-05-05 17:33:00,741 - Gui.python.logging_config - WARNING - Initialized variables for QtApplication
2025-05-05 17:33:00,742 - Gui.python.logging_config - INFO - Using default theme
2025-05-05 17:44:12,919 - Gui.python.logging_config - ERROR - Could not shutdown Peltier: 'QtApplication' object has no attribute 'PeltierCooling'
2025-05-05 17:44:22,091 - Gui.python.logging_config - WARNING - Initialized variables for QtApplication
2025-05-05 17:44:22,092 - Gui.python.logging_config - INFO - Using default theme
2025-05-05 17:45:48,257 - Gui.python.logging_config - INFO - RunNumber: 000047
2025-05-05 17:46:35,672 - Gui.python.logging_config - WARNING - Initialized variables for QtApplication
2025-05-05 17:46:35,673 - Gui.python.logging_config - INFO - Using default theme
2025-05-05 17:48:11,694 - Gui.python.logging_config - ERROR - list index out of range
2025-05-05 17:49:36,906 - Gui.python.logging_config - INFO - RunNumber: 000047
2025-05-05 17:50:33,150 - Gui.python.logging_config - WARNING - Initialized variables for QtApplication
2025-05-05 17:50:33,150 - Gui.python.logging_config - INFO - Using default theme
2025-05-05 18:09:19,464 - Gui.python.logging_config - INFO - RunNumber: 000047
2025-05-05 18:09:19,511 - Gui.python.logging_config - INFO - defaultdict(<function <lambda> at 0x7f3dc7d31e50>, {})
2025-05-05 18:11:46,937 - Gui.python.logging_config - INFO - RunNumber: 000047
2025-05-05 18:11:46,980 - Gui.python.logging_config - INFO - defaultdict(<function <lambda> at 0x7f3dc7d31e50>, {})
2025-05-05 18:22:30,417 - Gui.python.logging_config - ERROR - Could not shutdown Peltier: 'QtApplication' object has no attribute 'PeltierCooling'
2025-05-05 18:22:42,579 - Gui.python.logging_config - WARNING - Initialized variables for QtApplication
2025-05-05 18:22:42,580 - Gui.python.logging_config - INFO - Using default theme
2025-05-05 18:24:58,862 - Gui.python.logging_config - INFO - RunNumber: 000047
2025-05-05 18:24:58,905 - Gui.python.logging_config - INFO - defaultdict(<function <lambda> at 0x7fbc21e1ae50>, {})
2025-05-05 18:32:58,341 - Gui.python.logging_config - ERROR - Could not shutdown Peltier: 'QtApplication' object has no attribute 'PeltierCooling'
2025-05-05 20:26:01,631 - Gui.python.logging_config - WARNING - Initialized variables for QtApplication
2025-05-05 20:26:01,632 - Gui.python.logging_config - INFO - Using default theme
2025-05-05 20:26:40,053 - Gui.python.logging_config - ERROR - list index out of range
2025-05-05 20:26:40,056 - Gui.python.logging_config - ERROR - list index out of range
2025-05-05 20:28:08,821 - Gui.python.logging_config - WARNING - Initialized variables for QtApplication
2025-05-05 20:28:08,822 - Gui.python.logging_config - INFO - Using default theme
2025-05-05 20:34:48,182 - Gui.python.logging_config - ERROR - Could not shutdown Peltier: 'QtApplication' object has no attribute 'SimpleMain'
2025-05-06 13:48:26,232 - Gui.python.logging_config - WARNING - Initialized variables for QtApplication
2025-05-06 13:48:26,234 - Gui.python.logging_config - INFO - Using default theme
2025-05-06 14:18:58,685 - Gui.python.logging_config - WARNING - Initialized variables for QtApplication
2025-05-06 14:18:58,686 - Gui.python.logging_config - INFO - Using default theme
2025-05-06 14:21:45,247 - Gui.python.logging_config - ERROR - Could not shutdown Peltier: 'NoneType' object has no attribute 'sendCommand'
2025-05-06 14:21:53,656 - Gui.python.logging_config - WARNING - Initialized variables for QtApplication
2025-05-06 14:21:53,657 - Gui.python.logging_config - INFO - Using default theme
2025-05-06 14:22:50,223 - Gui.python.logging_config - ERROR - Could not shutdown Peltier: 'NoneType' object has no attribute 'sendCommand'
2025-05-06 14:23:02,835 - Gui.python.logging_config - WARNING - Initialized variables for QtApplication
2025-05-06 14:23:02,836 - Gui.python.logging_config - INFO - Using default theme
2025-05-06 14:24:02,730 - Gui.python.logging_config - ERROR - Could not shutdown Peltier: 'NoneType' object has no attribute 'sendCommand'
2025-05-06 14:24:12,919 - Gui.python.logging_config - WARNING - Initialized variables for QtApplication
2025-05-06 14:24:12,920 - Gui.python.logging_config - INFO - Using default theme
2025-05-06 14:25:21,187 - Gui.python.logging_config - WARNING - Initialized variables for QtApplication
2025-05-06 14:25:21,188 - Gui.python.logging_config - INFO - Using default theme
2025-05-06 14:26:09,843 - Gui.python.logging_config - ERROR - Could not shutdown Peltier: 'NoneType' object has no attribute 'sendCommand'
2025-05-06 14:26:17,103 - Gui.python.logging_config - WARNING - Initialized variables for QtApplication
2025-05-06 14:26:17,104 - Gui.python.logging_config - INFO - Using default theme
2025-05-06 14:26:41,631 - Gui.python.logging_config - ERROR - Could not shutdown Peltier: 'NoneType' object has no attribute 'sendCommand'
2025-05-06 14:27:17,157 - Gui.python.logging_config - WARNING - Initialized variables for QtApplication
2025-05-06 14:27:17,158 - Gui.python.logging_config - INFO - Using default theme
2025-05-06 14:28:59,034 - Gui.python.logging_config - ERROR - Could not shutdown Peltier: 'NoneType' object has no attribute 'sendCommand'
2025-05-06 14:34:28,609 - Gui.python.logging_config - WARNING - Initialized variables for QtApplication
2025-05-06 14:34:28,610 - Gui.python.logging_config - INFO - Using default theme
2025-05-06 14:35:17,230 - Gui.python.logging_config - WARNING - Initialized variables for QtApplication
2025-05-06 14:35:17,231 - Gui.python.logging_config - INFO - Using default theme
2025-05-06 14:38:50,742 - Gui.python.logging_config - WARNING - Initialized variables for QtApplication
2025-05-06 14:38:50,743 - Gui.python.logging_config - INFO - Using default theme
2025-05-06 14:40:14,359 - Gui.python.logging_config - WARNING - Initialized variables for QtApplication
2025-05-06 14:40:14,360 - Gui.python.logging_config - INFO - Using default theme
2025-05-06 14:58:56,866 - Gui.python.logging_config - ERROR - Could not shutdown Peltier: 'NoneType' object has no attribute 'sendCommand'
2025-05-06 14:59:10,008 - Gui.python.logging_config - WARNING - Initialized variables for QtApplication
2025-05-06 14:59:10,010 - Gui.python.logging_config - INFO - Using default theme
2025-05-06 15:00:25,669 - Gui.python.logging_config - ERROR - Could not shutdown Peltier: 'NoneType' object has no attribute 'sendCommand'
2025-05-06 15:00:40,986 - Gui.python.logging_config - WARNING - Initialized variables for QtApplication
2025-05-06 15:00:40,987 - Gui.python.logging_config - INFO - Using default theme
2025-05-06 15:03:51,056 - Gui.python.logging_config - ERROR - Could not shutdown Peltier: 'NoneType' object has no attribute 'sendCommand'
2025-05-06 15:06:02,651 - Gui.python.logging_config - WARNING - Initialized variables for QtApplication
2025-05-06 15:06:02,652 - Gui.python.logging_config - INFO - Using default theme
2025-05-06 15:09:01,169 - Gui.python.logging_config - INFO - RunNumber: 000048
2025-05-06 15:09:01,210 - Gui.python.logging_config - INFO - defaultdict(<function <lambda> at 0x7f885b8b6e50>, {})
2025-05-06 15:11:22,207 - Gui.python.logging_config - ERROR - Could not shutdown Peltier: 'NoneType' object has no attribute 'sendCommand'
2025-05-06 15:26:16,100 - Gui.python.logging_config - WARNING - Initialized variables for QtApplication
2025-05-06 15:26:16,102 - Gui.python.logging_config - INFO - Using default theme
2025-05-06 15:28:11,462 - Gui.python.logging_config - WARNING - Initialized variables for QtApplication
2025-05-06 15:28:11,462 - Gui.python.logging_config - INFO - Using default theme
2025-05-06 15:28:22,271 - Gui.python.logging_config - ERROR - HTTPConnectionPool(host='coldboxx', port=3000): Max retries exceeded with url: / (Caused by NameResolutionError("<urllib3.connection.HTTPConnection object at 0x7fe3d43e5460>: Failed to resolve 'coldboxx' ([Errno -2] Name or service not known)"))
2025-05-06 15:28:22,763 - Gui.python.logging_config - ERROR - HTTPConnectionPool(host='coldboxx', port=3000): Max retries exceeded with url: / (Caused by NameResolutionError("<urllib3.connection.HTTPConnection object at 0x7fe3d43d5ac0>: Failed to resolve 'coldboxx' ([Errno -2] Name or service not known)"))
2025-05-06 15:28:23,259 - Gui.python.logging_config - ERROR - HTTPConnectionPool(host='coldboxx', port=3000): Max retries exceeded with url: / (Caused by NameResolutionError("<urllib3.connection.HTTPConnection object at 0x7fe3d43e51f0>: Failed to resolve 'coldboxx' ([Errno -2] Name or service not known)"))
2025-05-06 15:28:23,765 - Gui.python.logging_config - ERROR - HTTPConnectionPool(host='coldboxx', port=3000): Max retries exceeded with url: / (Caused by NameResolutionError("<urllib3.connection.HTTPConnection object at 0x7fe3d43e5b50>: Failed to resolve 'coldboxx' ([Errno -2] Name or service not known)"))
2025-05-06 15:28:24,267 - Gui.python.logging_config - ERROR - HTTPConnectionPool(host='coldboxx', port=3000): Max retries exceeded with url: / (Caused by NameResolutionError("<urllib3.connection.HTTPConnection object at 0x7fe3d43d5160>: Failed to resolve 'coldboxx' ([Errno -2] Name or service not known)"))
2025-05-06 15:28:24,766 - Gui.python.logging_config - ERROR - HTTPConnectionPool(host='coldboxx', port=3000): Max retries exceeded with url: / (Caused by NameResolutionError("<urllib3.connection.HTTPConnection object at 0x7fe3d43c8850>: Failed to resolve 'coldboxx' ([Errno -2] Name or service not known)"))
2025-05-06 15:28:25,266 - Gui.python.logging_config - ERROR - HTTPConnectionPool(host='coldboxx', port=3000): Max retries exceeded with url: / (Caused by NameResolutionError("<urllib3.connection.HTTPConnection object at 0x7fe3d43811f0>: Failed to resolve 'coldboxx' ([Errno -2] Name or service not known)"))
2025-05-06 15:28:25,761 - Gui.python.logging_config - ERROR - HTTPConnectionPool(host='coldboxx', port=3000): Max retries exceeded with url: / (Caused by NameResolutionError("<urllib3.connection.HTTPConnection object at 0x7fe3d4381b50>: Failed to resolve 'coldboxx' ([Errno -2] Name or service not known)"))
2025-05-06 15:28:26,267 - Gui.python.logging_config - ERROR - HTTPConnectionPool(host='coldboxx', port=3000): Max retries exceeded with url: / (Caused by NameResolutionError("<urllib3.connection.HTTPConnection object at 0x7fe3d43e5cd0>: Failed to resolve 'coldboxx' ([Errno -2] Name or service not known)"))
2025-05-06 15:28:26,767 - Gui.python.logging_config - ERROR - HTTPConnectionPool(host='coldboxx', port=3000): Max retries exceeded with url: / (Caused by NameResolutionError("<urllib3.connection.HTTPConnection object at 0x7fe3d4381eb0>: Failed to resolve 'coldboxx' ([Errno -2] Name or service not known)"))
2025-05-06 15:28:27,267 - Gui.python.logging_config - ERROR - HTTPConnectionPool(host='coldboxx', port=3000): Max retries exceeded with url: / (Caused by NameResolutionError("<urllib3.connection.HTTPConnection object at 0x7fe3d43c82b0>: Failed to resolve 'coldboxx' ([Errno -2] Name or service not known)"))
2025-05-06 15:28:27,771 - Gui.python.logging_config - ERROR - HTTPConnectionPool(host='coldboxx', port=3000): Max retries exceeded with url: / (Caused by NameResolutionError("<urllib3.connection.HTTPConnection object at 0x7fe3d43d5a60>: Failed to resolve 'coldboxx' ([Errno -2] Name or service not known)"))
2025-05-06 15:28:28,269 - Gui.python.logging_config - ERROR - HTTPConnectionPool(host='coldboxx', port=3000): Max retries exceeded with url: / (Caused by NameResolutionError("<urllib3.connection.HTTPConnection object at 0x7fe3d43d59a0>: Failed to resolve 'coldboxx' ([Errno -2] Name or service not known)"))
2025-05-06 15:28:28,768 - Gui.python.logging_config - ERROR - HTTPConnectionPool(host='coldboxx', port=3000): Max retries exceeded with url: / (Caused by NameResolutionError("<urllib3.connection.HTTPConnection object at 0x7fe3d43d5730>: Failed to resolve 'coldboxx' ([Errno -2] Name or service not known)"))
2025-05-06 15:28:29,269 - Gui.python.logging_config - ERROR - HTTPConnectionPool(host='coldboxx', port=3000): Max retries exceeded with url: / (Caused by NameResolutionError("<urllib3.connection.HTTPConnection object at 0x7fe3d43d5a00>: Failed to resolve 'coldboxx' ([Errno -2] Name or service not known)"))
2025-05-06 15:28:29,774 - Gui.python.logging_config - ERROR - HTTPConnectionPool(host='coldboxx', port=3000): Max retries exceeded with url: / (Caused by NameResolutionError("<urllib3.connection.HTTPConnection object at 0x7fe3d43e56d0>: Failed to resolve 'coldboxx' ([Errno -2] Name or service not known)"))
2025-05-06 15:28:30,269 - Gui.python.logging_config - ERROR - HTTPConnectionPool(host='coldboxx', port=3000): Max retries exceeded with url: / (Caused by NameResolutionError("<urllib3.connection.HTTPConnection object at 0x7fe3d4389850>: Failed to resolve 'coldboxx' ([Errno -2] Name or service not known)"))
2025-05-06 15:28:30,767 - Gui.python.logging_config - ERROR - HTTPConnectionPool(host='coldboxx', port=3000): Max retries exceeded with url: / (Caused by NameResolutionError("<urllib3.connection.HTTPConnection object at 0x7fe3d43c91f0>: Failed to resolve 'coldboxx' ([Errno -2] Name or service not known)"))
2025-05-06 15:28:31,266 - Gui.python.logging_config - ERROR - HTTPConnectionPool(host='coldboxx', port=3000): Max retries exceeded with url: / (Caused by NameResolutionError("<urllib3.connection.HTTPConnection object at 0x7fe3d43c9b50>: Failed to resolve 'coldboxx' ([Errno -2] Name or service not known)"))
2025-05-06 15:28:31,773 - Gui.python.logging_config - ERROR - HTTPConnectionPool(host='coldboxx', port=3000): Max retries exceeded with url: / (Caused by NameResolutionError("<urllib3.connection.HTTPConnection object at 0x7fe3d43c9a60>: Failed to resolve 'coldboxx' ([Errno -2] Name or service not known)"))
2025-05-06 15:28:32,274 - Gui.python.logging_config - ERROR - HTTPConnectionPool(host='coldboxx', port=3000): Max retries exceeded with url: / (Caused by NameResolutionError("<urllib3.connection.HTTPConnection object at 0x7fe3d43e5c70>: Failed to resolve 'coldboxx' ([Errno -2] Name or service not known)"))
2025-05-06 15:28:32,772 - Gui.python.logging_config - ERROR - HTTPConnectionPool(host='coldboxx', port=3000): Max retries exceeded with url: / (Caused by NameResolutionError("<urllib3.connection.HTTPConnection object at 0x7fe3d43e54c0>: Failed to resolve 'coldboxx' ([Errno -2] Name or service not known)"))
2025-05-06 15:28:33,273 - Gui.python.logging_config - ERROR - HTTPConnectionPool(host='coldboxx', port=3000): Max retries exceeded with url: / (Caused by NameResolutionError("<urllib3.connection.HTTPConnection object at 0x7fe3d4381b80>: Failed to resolve 'coldboxx' ([Errno -2] Name or service not known)"))
2025-05-06 15:28:33,774 - Gui.python.logging_config - ERROR - HTTPConnectionPool(host='coldboxx', port=3000): Max retries exceeded with url: / (Caused by NameResolutionError("<urllib3.connection.HTTPConnection object at 0x7fe3d43c71f0>: Failed to resolve 'coldboxx' ([Errno -2] Name or service not known)"))
2025-05-06 15:28:34,277 - Gui.python.logging_config - ERROR - HTTPConnectionPool(host='coldboxx', port=3000): Max retries exceeded with url: / (Caused by NameResolutionError("<urllib3.connection.HTTPConnection object at 0x7fe3d43c7b50>: Failed to resolve 'coldboxx' ([Errno -2] Name or service not known)"))
2025-05-06 15:28:34,776 - Gui.python.logging_config - ERROR - HTTPConnectionPool(host='coldboxx', port=3000): Max retries exceeded with url: / (Caused by NameResolutionError("<urllib3.connection.HTTPConnection object at 0x7fe3d43c7730>: Failed to resolve 'coldboxx' ([Errno -2] Name or service not known)"))
2025-05-06 15:28:35,276 - Gui.python.logging_config - ERROR - HTTPConnectionPool(host='coldboxx', port=3000): Max retries exceeded with url: / (Caused by NameResolutionError("<urllib3.connection.HTTPConnection object at 0x7fe3d43e52e0>: Failed to resolve 'coldboxx' ([Errno -2] Name or service not known)"))
2025-05-06 15:28:35,776 - Gui.python.logging_config - ERROR - HTTPConnectionPool(host='coldboxx', port=3000): Max retries exceeded with url: / (Caused by NameResolutionError("<urllib3.connection.HTTPConnection object at 0x7fe3d43e5b50>: Failed to resolve 'coldboxx' ([Errno -2] Name or service not known)"))
2025-05-06 15:28:36,276 - Gui.python.logging_config - ERROR - HTTPConnectionPool(host='coldboxx', port=3000): Max retries exceeded with url: / (Caused by NameResolutionError("<urllib3.connection.HTTPConnection object at 0x7fe3d43d2850>: Failed to resolve 'coldboxx' ([Errno -2] Name or service not known)"))
2025-05-06 15:28:36,779 - Gui.python.logging_config - ERROR - HTTPConnectionPool(host='coldboxx', port=3000): Max retries exceeded with url: / (Caused by NameResolutionError("<urllib3.connection.HTTPConnection object at 0x7fe3d43da1f0>: Failed to resolve 'coldboxx' ([Errno -2] Name or service not known)"))
2025-05-06 15:28:37,279 - Gui.python.logging_config - ERROR - HTTPConnectionPool(host='coldboxx', port=3000): Max retries exceeded with url: / (Caused by NameResolutionError("<urllib3.connection.HTTPConnection object at 0x7fe3d43dab50>: Failed to resolve 'coldboxx' ([Errno -2] Name or service not known)"))
2025-05-06 15:28:37,777 - Gui.python.logging_config - ERROR - HTTPConnectionPool(host='coldboxx', port=3000): Max retries exceeded with url: / (Caused by NameResolutionError("<urllib3.connection.HTTPConnection object at 0x7fe3d43e5910>: Failed to resolve 'coldboxx' ([Errno -2] Name or service not known)"))
2025-05-06 15:28:38,279 - Gui.python.logging_config - ERROR - HTTPConnectionPool(host='coldboxx', port=3000): Max retries exceeded with url: / (Caused by NameResolutionError("<urllib3.connection.HTTPConnection object at 0x7fe3d43daeb0>: Failed to resolve 'coldboxx' ([Errno -2] Name or service not known)"))
2025-05-06 15:28:38,779 - Gui.python.logging_config - ERROR - HTTPConnectionPool(host='coldboxx', port=3000): Max retries exceeded with url: / (Caused by NameResolutionError("<urllib3.connection.HTTPConnection object at 0x7fe3d43d22b0>: Failed to resolve 'coldboxx' ([Errno -2] Name or service not known)"))
2025-05-06 15:28:39,282 - Gui.python.logging_config - ERROR - HTTPConnectionPool(host='coldboxx', port=3000): Max retries exceeded with url: / (Caused by NameResolutionError("<urllib3.connection.HTTPConnection object at 0x7fe3d43d81f0>: Failed to resolve 'coldboxx' ([Errno -2] Name or service not known)"))
2025-05-06 15:28:39,778 - Gui.python.logging_config - ERROR - HTTPConnectionPool(host='coldboxx', port=3000): Max retries exceeded with url: / (Caused by NameResolutionError("<urllib3.connection.HTTPConnection object at 0x7fe3d43d8b50>: Failed to resolve 'coldboxx' ([Errno -2] Name or service not known)"))
2025-05-06 15:28:40,277 - Gui.python.logging_config - ERROR - HTTPConnectionPool(host='coldboxx', port=3000): Max retries exceeded with url: / (Caused by NameResolutionError("<urllib3.connection.HTTPConnection object at 0x7fe3d43d8a90>: Failed to resolve 'coldboxx' ([Errno -2] Name or service not known)"))
2025-05-06 15:28:40,778 - Gui.python.logging_config - ERROR - HTTPConnectionPool(host='coldboxx', port=3000): Max retries exceeded with url: / (Caused by NameResolutionError("<urllib3.connection.HTTPConnection object at 0x7fe3d43d81c0>: Failed to resolve 'coldboxx' ([Errno -2] Name or service not known)"))
2025-05-06 15:28:41,277 - Gui.python.logging_config - ERROR - HTTPConnectionPool(host='coldboxx', port=3000): Max retries exceeded with url: / (Caused by NameResolutionError("<urllib3.connection.HTTPConnection object at 0x7fe3d43e51f0>: Failed to resolve 'coldboxx' ([Errno -2] Name or service not known)"))
2025-05-06 15:28:41,782 - Gui.python.logging_config - ERROR - HTTPConnectionPool(host='coldboxx', port=3000): Max retries exceeded with url: / (Caused by NameResolutionError("<urllib3.connection.HTTPConnection object at 0x7fe3d43e5c10>: Failed to resolve 'coldboxx' ([Errno -2] Name or service not known)"))
2025-05-06 15:28:42,277 - Gui.python.logging_config - ERROR - HTTPConnectionPool(host='coldboxx', port=3000): Max retries exceeded with url: / (Caused by NameResolutionError("<urllib3.connection.HTTPConnection object at 0x7fe3d43d7b50>: Failed to resolve 'coldboxx' ([Errno -2] Name or service not known)"))
2025-05-06 15:28:42,778 - Gui.python.logging_config - ERROR - HTTPConnectionPool(host='coldboxx', port=3000): Max retries exceeded with url: / (Caused by NameResolutionError("<urllib3.connection.HTTPConnection object at 0x7fe3d438b4f0>: Failed to resolve 'coldboxx' ([Errno -2] Name or service not known)"))
2025-05-06 15:28:43,278 - Gui.python.logging_config - ERROR - HTTPConnectionPool(host='coldboxx', port=3000): Max retries exceeded with url: / (Caused by NameResolutionError("<urllib3.connection.HTTPConnection object at 0x7fe3d43e5be0>: Failed to resolve 'coldboxx' ([Errno -2] Name or service not known)"))
2025-05-06 15:28:43,778 - Gui.python.logging_config - ERROR - HTTPConnectionPool(host='coldboxx', port=3000): Max retries exceeded with url: / (Caused by NameResolutionError("<urllib3.connection.HTTPConnection object at 0x7fe3d43dad90>: Failed to resolve 'coldboxx' ([Errno -2] Name or service not known)"))
2025-05-06 15:28:44,284 - Gui.python.logging_config - ERROR - HTTPConnectionPool(host='coldboxx', port=3000): Max retries exceeded with url: / (Caused by NameResolutionError("<urllib3.connection.HTTPConnection object at 0x7fe3d438b460>: Failed to resolve 'coldboxx' ([Errno -2] Name or service not known)"))
2025-05-06 15:28:44,786 - Gui.python.logging_config - ERROR - HTTPConnectionPool(host='coldboxx', port=3000): Max retries exceeded with url: / (Caused by NameResolutionError("<urllib3.connection.HTTPConnection object at 0x7fe3d43d7e50>: Failed to resolve 'coldboxx' ([Errno -2] Name or service not known)"))
2025-05-06 15:28:45,285 - Gui.python.logging_config - ERROR - HTTPConnectionPool(host='coldboxx', port=3000): Max retries exceeded with url: / (Caused by NameResolutionError("<urllib3.connection.HTTPConnection object at 0x7fe3d43d7520>: Failed to resolve 'coldboxx' ([Errno -2] Name or service not known)"))
2025-05-06 15:28:45,785 - Gui.python.logging_config - ERROR - HTTPConnectionPool(host='coldboxx', port=3000): Max retries exceeded with url: / (Caused by NameResolutionError("<urllib3.connection.HTTPConnection object at 0x7fe3d43c14f0>: Failed to resolve 'coldboxx' ([Errno -2] Name or service not known)"))
2025-05-06 15:28:46,287 - Gui.python.logging_config - ERROR - HTTPConnectionPool(host='coldboxx', port=3000): Max retries exceeded with url: / (Caused by NameResolutionError("<urllib3.connection.HTTPConnection object at 0x7fe3d43dad90>: Failed to resolve 'coldboxx' ([Errno -2] Name or service not known)"))
2025-05-06 15:28:46,787 - Gui.python.logging_config - ERROR - HTTPConnectionPool(host='coldboxx', port=3000): Max retries exceeded with url: / (Caused by NameResolutionError("<urllib3.connection.HTTPConnection object at 0x7fe3d43e5340>: Failed to resolve 'coldboxx' ([Errno -2] Name or service not known)"))
2025-05-06 15:28:47,288 - Gui.python.logging_config - ERROR - HTTPConnectionPool(host='coldboxx', port=3000): Max retries exceeded with url: / (Caused by NameResolutionError("<urllib3.connection.HTTPConnection object at 0x7fe3d43c11c0>: Failed to resolve 'coldboxx' ([Errno -2] Name or service not known)"))
2025-05-06 15:28:47,783 - Gui.python.logging_config - ERROR - HTTPConnectionPool(host='coldboxx', port=3000): Max retries exceeded with url: / (Caused by NameResolutionError("<urllib3.connection.HTTPConnection object at 0x7fe3d43d7100>: Failed to resolve 'coldboxx' ([Errno -2] Name or service not known)"))
2025-05-06 15:28:48,283 - Gui.python.logging_config - ERROR - HTTPConnectionPool(host='coldboxx', port=3000): Max retries exceeded with url: / (Caused by NameResolutionError("<urllib3.connection.HTTPConnection object at 0x7fe3d43d7b50>: Failed to resolve 'coldboxx' ([Errno -2] Name or service not known)"))
2025-05-06 15:28:48,790 - Gui.python.logging_config - ERROR - HTTPConnectionPool(host='coldboxx', port=3000): Max retries exceeded with url: / (Caused by NameResolutionError("<urllib3.connection.HTTPConnection object at 0x7fe3d43844f0>: Failed to resolve 'coldboxx' ([Errno -2] Name or service not known)"))
2025-05-06 15:28:49,290 - Gui.python.logging_config - ERROR - HTTPConnectionPool(host='coldboxx', port=3000): Max retries exceeded with url: / (Caused by NameResolutionError("<urllib3.connection.HTTPConnection object at 0x7fe3d43d7040>: Failed to resolve 'coldboxx' ([Errno -2] Name or service not known)"))
2025-05-06 15:28:49,791 - Gui.python.logging_config - ERROR - HTTPConnectionPool(host='coldboxx', port=3000): Max retries exceeded with url: / (Caused by NameResolutionError("<urllib3.connection.HTTPConnection object at 0x7fe3d43e5ca0>: Failed to resolve 'coldboxx' ([Errno -2] Name or service not known)"))
2025-05-06 15:28:50,287 - Gui.python.logging_config - ERROR - HTTPConnectionPool(host='coldboxx', port=3000): Max retries exceeded with url: / (Caused by NameResolutionError("<urllib3.connection.HTTPConnection object at 0x7fe3d43dae20>: Failed to resolve 'coldboxx' ([Errno -2] Name or service not known)"))
2025-05-06 15:28:50,791 - Gui.python.logging_config - ERROR - HTTPConnectionPool(host='coldboxx', port=3000): Max retries exceeded with url: / (Caused by NameResolutionError("<urllib3.connection.HTTPConnection object at 0x7fe3d4384b50>: Failed to resolve 'coldboxx' ([Errno -2] Name or service not known)"))
2025-05-06 15:28:51,293 - Gui.python.logging_config - ERROR - HTTPConnectionPool(host='coldboxx', port=3000): Max retries exceeded with url: / (Caused by NameResolutionError("<urllib3.connection.HTTPConnection object at 0x7fe3d43c1b80>: Failed to resolve 'coldboxx' ([Errno -2] Name or service not known)"))
2025-05-06 15:28:51,795 - Gui.python.logging_config - ERROR - HTTPConnectionPool(host='coldboxx', port=3000): Max retries exceeded with url: / (Caused by NameResolutionError("<urllib3.connection.HTTPConnection object at 0x7fe3d4384dc0>: Failed to resolve 'coldboxx' ([Errno -2] Name or service not known)"))
2025-05-06 15:28:52,295 - Gui.python.logging_config - ERROR - HTTPConnectionPool(host='coldboxx', port=3000): Max retries exceeded with url: / (Caused by NameResolutionError("<urllib3.connection.HTTPConnection object at 0x7fe3d43da0d0>: Failed to resolve 'coldboxx' ([Errno -2] Name or service not known)"))
2025-05-06 15:28:52,794 - Gui.python.logging_config - ERROR - HTTPConnectionPool(host='coldboxx', port=3000): Max retries exceeded with url: / (Caused by NameResolutionError("<urllib3.connection.HTTPConnection object at 0x7fe3d43e5bb0>: Failed to resolve 'coldboxx' ([Errno -2] Name or service not known)"))
2025-05-06 15:28:53,294 - Gui.python.logging_config - ERROR - HTTPConnectionPool(host='coldboxx', port=3000): Max retries exceeded with url: / (Caused by NameResolutionError("<urllib3.connection.HTTPConnection object at 0x7fe3d43d7310>: Failed to resolve 'coldboxx' ([Errno -2] Name or service not known)"))
2025-05-06 15:28:53,795 - Gui.python.logging_config - ERROR - HTTPConnectionPool(host='coldboxx', port=3000): Max retries exceeded with url: / (Caused by NameResolutionError("<urllib3.connection.HTTPConnection object at 0x7fe3d43d7490>: Failed to resolve 'coldboxx' ([Errno -2] Name or service not known)"))
2025-05-06 15:28:54,292 - Gui.python.logging_config - ERROR - HTTPConnectionPool(host='coldboxx', port=3000): Max retries exceeded with url: / (Caused by NameResolutionError("<urllib3.connection.HTTPConnection object at 0x7fe3d43c1880>: Failed to resolve 'coldboxx' ([Errno -2] Name or service not known)"))
2025-05-06 15:28:54,791 - Gui.python.logging_config - ERROR - HTTPConnectionPool(host='coldboxx', port=3000): Max retries exceeded with url: / (Caused by NameResolutionError("<urllib3.connection.HTTPConnection object at 0x7fe3d43d7610>: Failed to resolve 'coldboxx' ([Errno -2] Name or service not known)"))
2025-05-06 15:28:55,290 - Gui.python.logging_config - ERROR - HTTPConnectionPool(host='coldboxx', port=3000): Max retries exceeded with url: / (Caused by NameResolutionError("<urllib3.connection.HTTPConnection object at 0x7fe3d43e5880>: Failed to resolve 'coldboxx' ([Errno -2] Name or service not known)"))
2025-05-06 15:28:55,798 - Gui.python.logging_config - ERROR - HTTPConnectionPool(host='coldboxx', port=3000): Max retries exceeded with url: / (Caused by NameResolutionError("<urllib3.connection.HTTPConnection object at 0x7fe3d43e58e0>: Failed to resolve 'coldboxx' ([Errno -2] Name or service not known)"))
2025-05-06 15:28:56,293 - Gui.python.logging_config - ERROR - HTTPConnectionPool(host='coldboxx', port=3000): Max retries exceeded with url: / (Caused by NameResolutionError("<urllib3.connection.HTTPConnection object at 0x7fe3d43c1e50>: Failed to resolve 'coldboxx' ([Errno -2] Name or service not known)"))
2025-05-06 15:28:56,798 - Gui.python.logging_config - ERROR - HTTPConnectionPool(host='coldboxx', port=3000): Max retries exceeded with url: / (Caused by NameResolutionError("<urllib3.connection.HTTPConnection object at 0x7fe3d43c1040>: Failed to resolve 'coldboxx' ([Errno -2] Name or service not known)"))
2025-05-06 15:28:57,295 - Gui.python.logging_config - ERROR - HTTPConnectionPool(host='coldboxx', port=3000): Max retries exceeded with url: / (Caused by NameResolutionError("<urllib3.connection.HTTPConnection object at 0x7fe3d43849d0>: Failed to resolve 'coldboxx' ([Errno -2] Name or service not known)"))
2025-05-06 15:28:57,800 - Gui.python.logging_config - ERROR - HTTPConnectionPool(host='coldboxx', port=3000): Max retries exceeded with url: / (Caused by NameResolutionError("<urllib3.connection.HTTPConnection object at 0x7fe3d43dafa0>: Failed to resolve 'coldboxx' ([Errno -2] Name or service not known)"))
2025-05-06 15:28:58,300 - Gui.python.logging_config - ERROR - HTTPConnectionPool(host='coldboxx', port=3000): Max retries exceeded with url: / (Caused by NameResolutionError("<urllib3.connection.HTTPConnection object at 0x7fe3d43e5940>: Failed to resolve 'coldboxx' ([Errno -2] Name or service not known)"))
2025-05-06 15:28:58,802 - Gui.python.logging_config - ERROR - HTTPConnectionPool(host='coldboxx', port=3000): Max retries exceeded with url: / (Caused by NameResolutionError("<urllib3.connection.HTTPConnection object at 0x7fe3d43c1bb0>: Failed to resolve 'coldboxx' ([Errno -2] Name or service not known)"))
2025-05-06 15:28:59,301 - Gui.python.logging_config - ERROR - HTTPConnectionPool(host='coldboxx', port=3000): Max retries exceeded with url: / (Caused by NameResolutionError("<urllib3.connection.HTTPConnection object at 0x7fe3d43c1790>: Failed to resolve 'coldboxx' ([Errno -2] Name or service not known)"))
2025-05-06 15:28:59,803 - Gui.python.logging_config - ERROR - HTTPConnectionPool(host='coldboxx', port=3000): Max retries exceeded with url: / (Caused by NameResolutionError("<urllib3.connection.HTTPConnection object at 0x7fe3d43d7610>: Failed to resolve 'coldboxx' ([Errno -2] Name or service not known)"))
2025-05-06 15:29:00,297 - Gui.python.logging_config - ERROR - HTTPConnectionPool(host='coldboxx', port=3000): Max retries exceeded with url: / (Caused by NameResolutionError("<urllib3.connection.HTTPConnection object at 0x7fe3d4384f40>: Failed to resolve 'coldboxx' ([Errno -2] Name or service not known)"))
2025-05-06 15:29:00,803 - Gui.python.logging_config - ERROR - HTTPConnectionPool(host='coldboxx', port=3000): Max retries exceeded with url: / (Caused by NameResolutionError("<urllib3.connection.HTTPConnection object at 0x7fe3d43d7940>: Failed to resolve 'coldboxx' ([Errno -2] Name or service not known)"))
2025-05-06 15:29:01,298 - Gui.python.logging_config - ERROR - HTTPConnectionPool(host='coldboxx', port=3000): Max retries exceeded with url: / (Caused by NameResolutionError("<urllib3.connection.HTTPConnection object at 0x7fe3d43c1160>: Failed to resolve 'coldboxx' ([Errno -2] Name or service not known)"))
2025-05-06 15:29:01,798 - Gui.python.logging_config - ERROR - HTTPConnectionPool(host='coldboxx', port=3000): Max retries exceeded with url: / (Caused by NameResolutionError("<urllib3.connection.HTTPConnection object at 0x7fe3d43e5c40>: Failed to resolve 'coldboxx' ([Errno -2] Name or service not known)"))
2025-05-06 15:29:02,299 - Gui.python.logging_config - ERROR - HTTPConnectionPool(host='coldboxx', port=3000): Max retries exceeded with url: / (Caused by NameResolutionError("<urllib3.connection.HTTPConnection object at 0x7fe3d43e50a0>: Failed to resolve 'coldboxx' ([Errno -2] Name or service not known)"))
2025-05-06 15:29:02,806 - Gui.python.logging_config - ERROR - HTTPConnectionPool(host='coldboxx', port=3000): Max retries exceeded with url: / (Caused by NameResolutionError("<urllib3.connection.HTTPConnection object at 0x7fe3d43daf40>: Failed to resolve 'coldboxx' ([Errno -2] Name or service not known)"))
2025-05-06 15:29:03,308 - Gui.python.logging_config - ERROR - HTTPConnectionPool(host='coldboxx', port=3000): Max retries exceeded with url: / (Caused by NameResolutionError("<urllib3.connection.HTTPConnection object at 0x7fe3d43e55e0>: Failed to resolve 'coldboxx' ([Errno -2] Name or service not known)"))
2025-05-06 15:29:03,807 - Gui.python.logging_config - ERROR - HTTPConnectionPool(host='coldboxx', port=3000): Max retries exceeded with url: / (Caused by NameResolutionError("<urllib3.connection.HTTPConnection object at 0x7fe3d43e5430>: Failed to resolve 'coldboxx' ([Errno -2] Name or service not known)"))
2025-05-06 15:29:04,301 - Gui.python.logging_config - ERROR - HTTPConnectionPool(host='coldboxx', port=3000): Max retries exceeded with url: / (Caused by NameResolutionError("<urllib3.connection.HTTPConnection object at 0x7fe3d43c1b20>: Failed to resolve 'coldboxx' ([Errno -2] Name or service not known)"))
2025-05-06 15:29:04,807 - Gui.python.logging_config - ERROR - HTTPConnectionPool(host='coldboxx', port=3000): Max retries exceeded with url: / (Caused by NameResolutionError("<urllib3.connection.HTTPConnection object at 0x7fe3d43daf70>: Failed to resolve 'coldboxx' ([Errno -2] Name or service not known)"))
2025-05-06 15:29:05,308 - Gui.python.logging_config - ERROR - HTTPConnectionPool(host='coldboxx', port=3000): Max retries exceeded with url: / (Caused by NameResolutionError("<urllib3.connection.HTTPConnection object at 0x7fe3d43da730>: Failed to resolve 'coldboxx' ([Errno -2] Name or service not known)"))
2025-05-06 15:29:05,808 - Gui.python.logging_config - ERROR - HTTPConnectionPool(host='coldboxx', port=3000): Max retries exceeded with url: / (Caused by NameResolutionError("<urllib3.connection.HTTPConnection object at 0x7fe3d4391b80>: Failed to resolve 'coldboxx' ([Errno -2] Name or service not known)"))
2025-05-06 15:29:06,310 - Gui.python.logging_config - ERROR - HTTPConnectionPool(host='coldboxx', port=3000): Max retries exceeded with url: / (Caused by NameResolutionError("<urllib3.connection.HTTPConnection object at 0x7fe3d43c1be0>: Failed to resolve 'coldboxx' ([Errno -2] Name or service not known)"))
2025-05-06 15:29:06,809 - Gui.python.logging_config - ERROR - HTTPConnectionPool(host='coldboxx', port=3000): Max retries exceeded with url: / (Caused by NameResolutionError("<urllib3.connection.HTTPConnection object at 0x7fe3d43c1940>: Failed to resolve 'coldboxx' ([Errno -2] Name or service not known)"))
2025-05-06 15:29:07,311 - Gui.python.logging_config - ERROR - HTTPConnectionPool(host='coldboxx', port=3000): Max retries exceeded with url: / (Caused by NameResolutionError("<urllib3.connection.HTTPConnection object at 0x7fe3d43912e0>: Failed to resolve 'coldboxx' ([Errno -2] Name or service not known)"))
2025-05-06 15:29:07,808 - Gui.python.logging_config - ERROR - HTTPConnectionPool(host='coldboxx', port=3000): Max retries exceeded with url: / (Caused by NameResolutionError("<urllib3.connection.HTTPConnection object at 0x7fe3d43e54f0>: Failed to resolve 'coldboxx' ([Errno -2] Name or service not known)"))
2025-05-06 15:29:08,311 - Gui.python.logging_config - ERROR - HTTPConnectionPool(host='coldboxx', port=3000): Max retries exceeded with url: / (Caused by NameResolutionError("<urllib3.connection.HTTPConnection object at 0x7fe3d43c5100>: Failed to resolve 'coldboxx' ([Errno -2] Name or service not known)"))
2025-05-06 15:29:08,807 - Gui.python.logging_config - ERROR - HTTPConnectionPool(host='coldboxx', port=3000): Max retries exceeded with url: / (Caused by NameResolutionError("<urllib3.connection.HTTPConnection object at 0x7fe3d43c5bb0>: Failed to resolve 'coldboxx' ([Errno -2] Name or service not known)"))
2025-05-06 15:29:09,313 - Gui.python.logging_config - ERROR - HTTPConnectionPool(host='coldboxx', port=3000): Max retries exceeded with url: / (Caused by NameResolutionError("<urllib3.connection.HTTPConnection object at 0x7fe3d43e59a0>: Failed to resolve 'coldboxx' ([Errno -2] Name or service not known)"))
2025-05-06 15:29:09,812 - Gui.python.logging_config - ERROR - HTTPConnectionPool(host='coldboxx', port=3000): Max retries exceeded with url: / (Caused by NameResolutionError("<urllib3.connection.HTTPConnection object at 0x7fe3d43c5610>: Failed to resolve 'coldboxx' ([Errno -2] Name or service not known)"))
2025-05-06 15:29:10,314 - Gui.python.logging_config - ERROR - HTTPConnectionPool(host='coldboxx', port=3000): Max retries exceeded with url: / (Caused by NameResolutionError("<urllib3.connection.HTTPConnection object at 0x7fe3d43c5040>: Failed to resolve 'coldboxx' ([Errno -2] Name or service not known)"))
2025-05-06 15:29:10,811 - Gui.python.logging_config - ERROR - HTTPConnectionPool(host='coldboxx', port=3000): Max retries exceeded with url: / (Caused by NameResolutionError("<urllib3.connection.HTTPConnection object at 0x7fe3d43c12b0>: Failed to resolve 'coldboxx' ([Errno -2] Name or service not known)"))
2025-05-06 15:29:11,314 - Gui.python.logging_config - ERROR - HTTPConnectionPool(host='coldboxx', port=3000): Max retries exceeded with url: / (Caused by NameResolutionError("<urllib3.connection.HTTPConnection object at 0x7fe3d43d5250>: Failed to resolve 'coldboxx' ([Errno -2] Name or service not known)"))
2025-05-06 15:29:11,809 - Gui.python.logging_config - ERROR - HTTPConnectionPool(host='coldboxx', port=3000): Max retries exceeded with url: / (Caused by NameResolutionError("<urllib3.connection.HTTPConnection object at 0x7fe3d43d5bb0>: Failed to resolve 'coldboxx' ([Errno -2] Name or service not known)"))
2025-05-06 15:29:12,315 - Gui.python.logging_config - ERROR - HTTPConnectionPool(host='coldboxx', port=3000): Max retries exceeded with url: / (Caused by NameResolutionError("<urllib3.connection.HTTPConnection object at 0x7fe3d43c1ca0>: Failed to resolve 'coldboxx' ([Errno -2] Name or service not known)"))
2025-05-06 15:29:12,817 - Gui.python.logging_config - ERROR - HTTPConnectionPool(host='coldboxx', port=3000): Max retries exceeded with url: / (Caused by NameResolutionError("<urllib3.connection.HTTPConnection object at 0x7fe3d43e5a90>: Failed to resolve 'coldboxx' ([Errno -2] Name or service not known)"))
2025-05-06 15:29:13,317 - Gui.python.logging_config - ERROR - HTTPConnectionPool(host='coldboxx', port=3000): Max retries exceeded with url: / (Caused by NameResolutionError("<urllib3.connection.HTTPConnection object at 0x7fe3d43e51f0>: Failed to resolve 'coldboxx' ([Errno -2] Name or service not known)"))
2025-05-06 15:29:13,817 - Gui.python.logging_config - ERROR - HTTPConnectionPool(host='coldboxx', port=3000): Max retries exceeded with url: / (Caused by NameResolutionError("<urllib3.connection.HTTPConnection object at 0x7fe3d43e3250>: Failed to resolve 'coldboxx' ([Errno -2] Name or service not known)"))
2025-05-06 15:29:14,317 - Gui.python.logging_config - ERROR - HTTPConnectionPool(host='coldboxx', port=3000): Max retries exceeded with url: / (Caused by NameResolutionError("<urllib3.connection.HTTPConnection object at 0x7fe3d43e3bb0>: Failed to resolve 'coldboxx' ([Errno -2] Name or service not known)"))
2025-05-06 15:29:14,818 - Gui.python.logging_config - ERROR - HTTPConnectionPool(host='coldboxx', port=3000): Max retries exceeded with url: / (Caused by NameResolutionError("<urllib3.connection.HTTPConnection object at 0x7fe3d43e3af0>: Failed to resolve 'coldboxx' ([Errno -2] Name or service not known)"))
2025-05-06 15:29:15,318 - Gui.python.logging_config - ERROR - HTTPConnectionPool(host='coldboxx', port=3000): Max retries exceeded with url: / (Caused by NameResolutionError("<urllib3.connection.HTTPConnection object at 0x7fe3d43e3220>: Failed to resolve 'coldboxx' ([Errno -2] Name or service not known)"))
2025-05-06 15:29:15,813 - Gui.python.logging_config - ERROR - HTTPConnectionPool(host='coldboxx', port=3000): Max retries exceeded with url: / (Caused by NameResolutionError("<urllib3.connection.HTTPConnection object at 0x7fe3d43e5070>: Failed to resolve 'coldboxx' ([Errno -2] Name or service not known)"))
2025-05-06 15:29:16,318 - Gui.python.logging_config - ERROR - HTTPConnectionPool(host='coldboxx', port=3000): Max retries exceeded with url: / (Caused by NameResolutionError("<urllib3.connection.HTTPConnection object at 0x7fe3d43e5ac0>: Failed to resolve 'coldboxx' ([Errno -2] Name or service not known)"))
2025-05-06 15:29:16,815 - Gui.python.logging_config - ERROR - HTTPConnectionPool(host='coldboxx', port=3000): Max retries exceeded with url: / (Caused by NameResolutionError("<urllib3.connection.HTTPConnection object at 0x7fe3d43c12b0>: Failed to resolve 'coldboxx' ([Errno -2] Name or service not known)"))
2025-05-06 15:29:17,314 - Gui.python.logging_config - ERROR - HTTPConnectionPool(host='coldboxx', port=3000): Max retries exceeded with url: / (Caused by NameResolutionError("<urllib3.connection.HTTPConnection object at 0x7fe3d43d7550>: Failed to resolve 'coldboxx' ([Errno -2] Name or service not known)"))
2025-05-06 15:29:17,815 - Gui.python.logging_config - ERROR - HTTPConnectionPool(host='coldboxx', port=3000): Max retries exceeded with url: / (Caused by NameResolutionError("<urllib3.connection.HTTPConnection object at 0x7fe3d43c1d60>: Failed to resolve 'coldboxx' ([Errno -2] Name or service not known)"))
2025-05-06 15:29:18,315 - Gui.python.logging_config - ERROR - HTTPConnectionPool(host='coldboxx', port=3000): Max retries exceeded with url: / (Caused by NameResolutionError("<urllib3.connection.HTTPConnection object at 0x7fe3d43c1550>: Failed to resolve 'coldboxx' ([Errno -2] Name or service not known)"))
2025-05-06 15:29:18,815 - Gui.python.logging_config - ERROR - HTTPConnectionPool(host='coldboxx', port=3000): Max retries exceeded with url: / (Caused by NameResolutionError("<urllib3.connection.HTTPConnection object at 0x7fe3d43e5220>: Failed to resolve 'coldboxx' ([Errno -2] Name or service not known)"))
2025-05-06 15:29:19,316 - Gui.python.logging_config - ERROR - HTTPConnectionPool(host='coldboxx', port=3000): Max retries exceeded with url: / (Caused by NameResolutionError("<urllib3.connection.HTTPConnection object at 0x7fe3d43d5160>: Failed to resolve 'coldboxx' ([Errno -2] Name or service not known)"))
2025-05-06 15:29:19,816 - Gui.python.logging_config - ERROR - HTTPConnectionPool(host='coldboxx', port=3000): Max retries exceeded with url: / (Caused by NameResolutionError("<urllib3.connection.HTTPConnection object at 0x7fe3d43d73d0>: Failed to resolve 'coldboxx' ([Errno -2] Name or service not known)"))
2025-05-06 15:29:20,317 - Gui.python.logging_config - ERROR - HTTPConnectionPool(host='coldboxx', port=3000): Max retries exceeded with url: / (Caused by NameResolutionError("<urllib3.connection.HTTPConnection object at 0x7fe3d43c5580>: Failed to resolve 'coldboxx' ([Errno -2] Name or service not known)"))
2025-05-06 15:29:20,818 - Gui.python.logging_config - ERROR - HTTPConnectionPool(host='coldboxx', port=3000): Max retries exceeded with url: / (Caused by NameResolutionError("<urllib3.connection.HTTPConnection object at 0x7fe3d43d5d60>: Failed to resolve 'coldboxx' ([Errno -2] Name or service not known)"))
2025-05-06 15:29:21,318 - Gui.python.logging_config - ERROR - HTTPConnectionPool(host='coldboxx', port=3000): Max retries exceeded with url: / (Caused by NameResolutionError("<urllib3.connection.HTTPConnection object at 0x7fe3d43e5760>: Failed to resolve 'coldboxx' ([Errno -2] Name or service not known)"))
2025-05-06 15:29:21,824 - Gui.python.logging_config - ERROR - HTTPConnectionPool(host='coldboxx', port=3000): Max retries exceeded with url: / (Caused by NameResolutionError("<urllib3.connection.HTTPConnection object at 0x7fe3d43c1910>: Failed to resolve 'coldboxx' ([Errno -2] Name or service not known)"))
2025-05-06 15:29:22,324 - Gui.python.logging_config - ERROR - HTTPConnectionPool(host='coldboxx', port=3000): Max retries exceeded with url: / (Caused by NameResolutionError("<urllib3.connection.HTTPConnection object at 0x7fe3d43c17f0>: Failed to resolve 'coldboxx' ([Errno -2] Name or service not known)"))
2025-05-06 15:29:22,825 - Gui.python.logging_config - ERROR - HTTPConnectionPool(host='coldboxx', port=3000): Max retries exceeded with url: / (Caused by NameResolutionError("<urllib3.connection.HTTPConnection object at 0x7fe3d43c5be0>: Failed to resolve 'coldboxx' ([Errno -2] Name or service not known)"))
2025-05-06 15:29:23,327 - Gui.python.logging_config - ERROR - HTTPConnectionPool(host='coldboxx', port=3000): Max retries exceeded with url: / (Caused by NameResolutionError("<urllib3.connection.HTTPConnection object at 0x7fe3d43d7580>: Failed to resolve 'coldboxx' ([Errno -2] Name or service not known)"))
2025-05-06 15:29:23,829 - Gui.python.logging_config - ERROR - HTTPConnectionPool(host='coldboxx', port=3000): Max retries exceeded with url: / (Caused by NameResolutionError("<urllib3.connection.HTTPConnection object at 0x7fe3d43c1b20>: Failed to resolve 'coldboxx' ([Errno -2] Name or service not known)"))
2025-05-06 15:29:24,329 - Gui.python.logging_config - ERROR - HTTPConnectionPool(host='coldboxx', port=3000): Max retries exceeded with url: / (Caused by NameResolutionError("<urllib3.connection.HTTPConnection object at 0x7fe3d43e5640>: Failed to resolve 'coldboxx' ([Errno -2] Name or service not known)"))
2025-05-06 15:29:24,822 - Gui.python.logging_config - ERROR - HTTPConnectionPool(host='coldboxx', port=3000): Max retries exceeded with url: / (Caused by NameResolutionError("<urllib3.connection.HTTPConnection object at 0x7fe3d43e5550>: Failed to resolve 'coldboxx' ([Errno -2] Name or service not known)"))
2025-05-06 15:29:25,322 - Gui.python.logging_config - ERROR - HTTPConnectionPool(host='coldboxx', port=3000): Max retries exceeded with url: / (Caused by NameResolutionError("<urllib3.connection.HTTPConnection object at 0x7fe3d43c59a0>: Failed to resolve 'coldboxx' ([Errno -2] Name or service not known)"))
2025-05-06 15:29:25,822 - Gui.python.logging_config - ERROR - HTTPConnectionPool(host='coldboxx', port=3000): Max retries exceeded with url: / (Caused by NameResolutionError("<urllib3.connection.HTTPConnection object at 0x7fe3d43d51f0>: Failed to resolve 'coldboxx' ([Errno -2] Name or service not known)"))
2025-05-06 15:29:26,330 - Gui.python.logging_config - ERROR - HTTPConnectionPool(host='coldboxx', port=3000): Max retries exceeded with url: / (Caused by NameResolutionError("<urllib3.connection.HTTPConnection object at 0x7fe3d43d5dc0>: Failed to resolve 'coldboxx' ([Errno -2] Name or service not known)"))
2025-05-06 15:29:26,830 - Gui.python.logging_config - ERROR - HTTPConnectionPool(host='coldboxx', port=3000): Max retries exceeded with url: / (Caused by NameResolutionError("<urllib3.connection.HTTPConnection object at 0x7fe3d43c5580>: Failed to resolve 'coldboxx' ([Errno -2] Name or service not known)"))
2025-05-06 15:29:27,325 - Gui.python.logging_config - ERROR - HTTPConnectionPool(host='coldboxx', port=3000): Max retries exceeded with url: / (Caused by NameResolutionError("<urllib3.connection.HTTPConnection object at 0x7fe3d43e5550>: Failed to resolve 'coldboxx' ([Errno -2] Name or service not known)"))
2025-05-06 15:29:27,831 - Gui.python.logging_config - ERROR - HTTPConnectionPool(host='coldboxx', port=3000): Max retries exceeded with url: / (Caused by NameResolutionError("<urllib3.connection.HTTPConnection object at 0x7fe3d43e5490>: Failed to resolve 'coldboxx' ([Errno -2] Name or service not known)"))
2025-05-06 15:29:28,329 - Gui.python.logging_config - ERROR - HTTPConnectionPool(host='coldboxx', port=3000): Max retries exceeded with url: / (Caused by NameResolutionError("<urllib3.connection.HTTPConnection object at 0x7fe3d43c1970>: Failed to resolve 'coldboxx' ([Errno -2] Name or service not known)"))
2025-05-06 15:29:28,831 - Gui.python.logging_config - ERROR - HTTPConnectionPool(host='coldboxx', port=3000): Max retries exceeded with url: / (Caused by NameResolutionError("<urllib3.connection.HTTPConnection object at 0x7fe3d43d7ee0>: Failed to resolve 'coldboxx' ([Errno -2] Name or service not known)"))
2025-05-06 15:29:29,327 - Gui.python.logging_config - ERROR - HTTPConnectionPool(host='coldboxx', port=3000): Max retries exceeded with url: / (Caused by NameResolutionError("<urllib3.connection.HTTPConnection object at 0x7fe3d43c1520>: Failed to resolve 'coldboxx' ([Errno -2] Name or service not known)"))
2025-05-06 15:29:29,833 - Gui.python.logging_config - ERROR - HTTPConnectionPool(host='coldboxx', port=3000): Max retries exceeded with url: / (Caused by NameResolutionError("<urllib3.connection.HTTPConnection object at 0x7fe3d43c1a30>: Failed to resolve 'coldboxx' ([Errno -2] Name or service not known)"))
2025-05-06 15:29:30,335 - Gui.python.logging_config - ERROR - HTTPConnectionPool(host='coldboxx', port=3000): Max retries exceeded with url: / (Caused by NameResolutionError("<urllib3.connection.HTTPConnection object at 0x7fe3d43e5610>: Failed to resolve 'coldboxx' ([Errno -2] Name or service not known)"))
2025-05-06 15:29:30,835 - Gui.python.logging_config - ERROR - HTTPConnectionPool(host='coldboxx', port=3000): Max retries exceeded with url: / (Caused by NameResolutionError("<urllib3.connection.HTTPConnection object at 0x7fe3d43c5b20>: Failed to resolve 'coldboxx' ([Errno -2] Name or service not known)"))
2025-05-06 15:29:31,335 - Gui.python.logging_config - ERROR - HTTPConnectionPool(host='coldboxx', port=3000): Max retries exceeded with url: / (Caused by NameResolutionError("<urllib3.connection.HTTPConnection object at 0x7fe3d43d7ee0>: Failed to resolve 'coldboxx' ([Errno -2] Name or service not known)"))
2025-05-06 15:29:31,835 - Gui.python.logging_config - ERROR - HTTPConnectionPool(host='coldboxx', port=3000): Max retries exceeded with url: / (Caused by NameResolutionError("<urllib3.connection.HTTPConnection object at 0x7fe3d43d5cd0>: Failed to resolve 'coldboxx' ([Errno -2] Name or service not known)"))
2025-05-06 15:29:32,339 - Gui.python.logging_config - ERROR - HTTPConnectionPool(host='coldboxx', port=3000): Max retries exceeded with url: / (Caused by NameResolutionError("<urllib3.connection.HTTPConnection object at 0x7fe3d43c5ac0>: Failed to resolve 'coldboxx' ([Errno -2] Name or service not known)"))
2025-05-06 15:29:32,837 - Gui.python.logging_config - ERROR - HTTPConnectionPool(host='coldboxx', port=3000): Max retries exceeded with url: / (Caused by NameResolutionError("<urllib3.connection.HTTPConnection object at 0x7fe3d43e51f0>: Failed to resolve 'coldboxx' ([Errno -2] Name or service not known)"))
2025-05-06 15:29:33,337 - Gui.python.logging_config - ERROR - HTTPConnectionPool(host='coldboxx', port=3000): Max retries exceeded with url: / (Caused by NameResolutionError("<urllib3.connection.HTTPConnection object at 0x7fe3d43e5430>: Failed to resolve 'coldboxx' ([Errno -2] Name or service not known)"))
2025-05-06 15:29:33,839 - Gui.python.logging_config - ERROR - HTTPConnectionPool(host='coldboxx', port=3000): Max retries exceeded with url: / (Caused by NameResolutionError("<urllib3.connection.HTTPConnection object at 0x7fe3d43d7e50>: Failed to resolve 'coldboxx' ([Errno -2] Name or service not known)"))
2025-05-06 15:29:34,338 - Gui.python.logging_config - ERROR - HTTPConnectionPool(host='coldboxx', port=3000): Max retries exceeded with url: / (Caused by NameResolutionError("<urllib3.connection.HTTPConnection object at 0x7fe3d43c1250>: Failed to resolve 'coldboxx' ([Errno -2] Name or service not known)"))
2025-05-06 15:29:34,953 - Gui.python.logging_config - ERROR - HTTPConnectionPool(host='coldboxx', port=3000): Max retries exceeded with url: / (Caused by NameResolutionError("<urllib3.connection.HTTPConnection object at 0x7fe3d43e5cd0>: Failed to resolve 'coldboxx' ([Errno -2] Name or service not known)"))
2025-05-06 15:29:35,333 - Gui.python.logging_config - ERROR - HTTPConnectionPool(host='coldboxx', port=3000): Max retries exceeded with url: / (Caused by NameResolutionError("<urllib3.connection.HTTPConnection object at 0x7fe3d43c5ac0>: Failed to resolve 'coldboxx' ([Errno -2] Name or service not known)"))
2025-05-06 15:29:35,841 - Gui.python.logging_config - ERROR - HTTPConnectionPool(host='coldboxx', port=3000): Max retries exceeded with url: / (Caused by NameResolutionError("<urllib3.connection.HTTPConnection object at 0x7fe3d43c1400>: Failed to resolve 'coldboxx' ([Errno -2] Name or service not known)"))
2025-05-06 15:29:41,373 - Gui.python.logging_config - ERROR - Could not shutdown Peltier: 'NoneType' object has no attribute 'sendCommand'
2025-05-06 15:29:41,405 - Gui.python.logging_config - ERROR - HTTPConnectionPool(host='coldboxx', port=3000): Max retries exceeded with url: / (Caused by NameResolutionError("<urllib3.connection.HTTPConnection object at 0x7fe3d43d52b0>: Failed to resolve 'coldboxx' ([Errno -2] Name or service not known)"))
2025-05-06 15:29:41,415 - Gui.python.logging_config - ERROR - HTTPConnectionPool(host='coldboxx', port=3000): Max retries exceeded with url: / (Caused by NameResolutionError("<urllib3.connection.HTTPConnection object at 0x7fe3d4393340>: Failed to resolve 'coldboxx' ([Errno -2] Name or service not known)"))
2025-05-06 15:29:41,423 - Gui.python.logging_config - ERROR - HTTPConnectionPool(host='coldboxx', port=3000): Max retries exceeded with url: / (Caused by NameResolutionError("<urllib3.connection.HTTPConnection object at 0x7fe3d43c13d0>: Failed to resolve 'coldboxx' ([Errno -2] Name or service not known)"))
2025-05-06 15:29:41,430 - Gui.python.logging_config - ERROR - HTTPConnectionPool(host='coldboxx', port=3000): Max retries exceeded with url: / (Caused by NameResolutionError("<urllib3.connection.HTTPConnection object at 0x7fe3d43e53a0>: Failed to resolve 'coldboxx' ([Errno -2] Name or service not known)"))
2025-05-06 15:29:41,436 - Gui.python.logging_config - ERROR - HTTPConnectionPool(host='coldboxx', port=3000): Max retries exceeded with url: / (Caused by NameResolutionError("<urllib3.connection.HTTPConnection object at 0x7fe3d43d7400>: Failed to resolve 'coldboxx' ([Errno -2] Name or service not known)"))
2025-05-06 15:29:41,443 - Gui.python.logging_config - ERROR - HTTPConnectionPool(host='coldboxx', port=3000): Max retries exceeded with url: / (Caused by NameResolutionError("<urllib3.connection.HTTPConnection object at 0x7fe3d43d59a0>: Failed to resolve 'coldboxx' ([Errno -2] Name or service not known)"))
2025-05-06 15:29:41,455 - Gui.python.logging_config - ERROR - HTTPConnectionPool(host='coldboxx', port=3000): Max retries exceeded with url: / (Caused by NameResolutionError("<urllib3.connection.HTTPConnection object at 0x7fe3d43939a0>: Failed to resolve 'coldboxx' ([Errno -2] Name or service not known)"))
2025-05-06 15:29:41,463 - Gui.python.logging_config - ERROR - HTTPConnectionPool(host='coldboxx', port=3000): Max retries exceeded with url: / (Caused by NameResolutionError("<urllib3.connection.HTTPConnection object at 0x7fe3d43d71f0>: Failed to resolve 'coldboxx' ([Errno -2] Name or service not known)"))
2025-05-06 15:29:41,468 - Gui.python.logging_config - ERROR - HTTPConnectionPool(host='coldboxx', port=3000): Max retries exceeded with url: / (Caused by NameResolutionError("<urllib3.connection.HTTPConnection object at 0x7fe3d43e5ca0>: Failed to resolve 'coldboxx' ([Errno -2] Name or service not known)"))
2025-05-06 15:29:41,471 - Gui.python.logging_config - ERROR - HTTPConnectionPool(host='coldboxx', port=3000): Max retries exceeded with url: / (Caused by NameResolutionError("<urllib3.connection.HTTPConnection object at 0x7fe3d43937c0>: Failed to resolve 'coldboxx' ([Errno -2] Name or service not known)"))
2025-05-06 15:29:41,475 - Gui.python.logging_config - ERROR - HTTPConnectionPool(host='coldboxx', port=3000): Max retries exceeded with url: / (Caused by NameResolutionError("<urllib3.connection.HTTPConnection object at 0x7fe3d43c1a90>: Failed to resolve 'coldboxx' ([Errno -2] Name or service not known)"))
2025-05-06 15:30:19,527 - Gui.python.logging_config - WARNING - Initialized variables for QtApplication
2025-05-06 15:30:19,528 - Gui.python.logging_config - INFO - Using default theme
2025-05-06 15:30:29,885 - Gui.python.logging_config - ERROR - HTTPConnectionPool(host='coldboxx', port=3000): Max retries exceeded with url: / (Caused by NameResolutionError("<urllib3.connection.HTTPConnection object at 0x7f5beb7fde50>: Failed to resolve 'coldboxx' ([Errno -2] Name or service not known)"))
2025-05-06 15:30:30,380 - Gui.python.logging_config - ERROR - HTTPConnectionPool(host='coldboxx', port=3000): Max retries exceeded with url: / (Caused by NameResolutionError("<urllib3.connection.HTTPConnection object at 0x7f5beb7ed820>: Failed to resolve 'coldboxx' ([Errno -2] Name or service not known)"))
2025-05-06 15:30:30,884 - Gui.python.logging_config - ERROR - HTTPConnectionPool(host='coldboxx', port=3000): Max retries exceeded with url: / (Caused by NameResolutionError("<urllib3.connection.HTTPConnection object at 0x7f5beb7fd6d0>: Failed to resolve 'coldboxx' ([Errno -2] Name or service not known)"))
2025-05-06 15:30:31,387 - Gui.python.logging_config - ERROR - HTTPConnectionPool(host='coldboxx', port=3000): Max retries exceeded with url: / (Caused by NameResolutionError("<urllib3.connection.HTTPConnection object at 0x7f5beb7df190>: Failed to resolve 'coldboxx' ([Errno -2] Name or service not known)"))
2025-05-06 15:30:31,885 - Gui.python.logging_config - ERROR - HTTPConnectionPool(host='coldboxx', port=3000): Max retries exceeded with url: / (Caused by NameResolutionError("<urllib3.connection.HTTPConnection object at 0x7f5beb7dfaf0>: Failed to resolve 'coldboxx' ([Errno -2] Name or service not known)"))
2025-05-06 15:30:32,386 - Gui.python.logging_config - ERROR - HTTPConnectionPool(host='coldboxx', port=3000): Max retries exceeded with url: / (Caused by NameResolutionError("<urllib3.connection.HTTPConnection object at 0x7f5beb796490>: Failed to resolve 'coldboxx' ([Errno -2] Name or service not known)"))
2025-05-06 15:30:32,886 - Gui.python.logging_config - ERROR - HTTPConnectionPool(host='coldboxx', port=3000): Max retries exceeded with url: / (Caused by NameResolutionError("<urllib3.connection.HTTPConnection object at 0x7f5beb796df0>: Failed to resolve 'coldboxx' ([Errno -2] Name or service not known)"))
2025-05-06 15:30:33,387 - Gui.python.logging_config - ERROR - HTTPConnectionPool(host='coldboxx', port=3000): Max retries exceeded with url: / (Caused by NameResolutionError("<urllib3.connection.HTTPConnection object at 0x7f5beb796910>: Failed to resolve 'coldboxx' ([Errno -2] Name or service not known)"))
2025-05-06 15:30:33,887 - Gui.python.logging_config - ERROR - HTTPConnectionPool(host='coldboxx', port=3000): Max retries exceeded with url: / (Caused by NameResolutionError("<urllib3.connection.HTTPConnection object at 0x7f5beb7ed460>: Failed to resolve 'coldboxx' ([Errno -2] Name or service not known)"))
2025-05-06 15:30:34,388 - Gui.python.logging_config - ERROR - HTTPConnectionPool(host='coldboxx', port=3000): Max retries exceeded with url: / (Caused by NameResolutionError("<urllib3.connection.HTTPConnection object at 0x7f5beb7fd820>: Failed to resolve 'coldboxx' ([Errno -2] Name or service not known)"))
2025-05-06 15:30:34,884 - Gui.python.logging_config - ERROR - HTTPConnectionPool(host='coldboxx', port=3000): Max retries exceeded with url: / (Caused by NameResolutionError("<urllib3.connection.HTTPConnection object at 0x7f5beb7a0490>: Failed to resolve 'coldboxx' ([Errno -2] Name or service not known)"))
2025-05-06 15:30:35,384 - Gui.python.logging_config - ERROR - HTTPConnectionPool(host='coldboxx', port=3000): Max retries exceeded with url: / (Caused by NameResolutionError("<urllib3.connection.HTTPConnection object at 0x7f5beb7a0df0>: Failed to resolve 'coldboxx' ([Errno -2] Name or service not known)"))
2025-05-06 15:30:35,890 - Gui.python.logging_config - ERROR - HTTPConnectionPool(host='coldboxx', port=3000): Max retries exceeded with url: / (Caused by NameResolutionError("<urllib3.connection.HTTPConnection object at 0x7f5beb7e7790>: Failed to resolve 'coldboxx' ([Errno -2] Name or service not known)"))
2025-05-06 15:30:36,388 - Gui.python.logging_config - ERROR - HTTPConnectionPool(host='coldboxx', port=3000): Max retries exceeded with url: / (Caused by NameResolutionError("<urllib3.connection.HTTPConnection object at 0x7f5beb7fd6d0>: Failed to resolve 'coldboxx' ([Errno -2] Name or service not known)"))
2025-05-06 15:30:36,890 - Gui.python.logging_config - ERROR - HTTPConnectionPool(host='coldboxx', port=3000): Max retries exceeded with url: / (Caused by NameResolutionError("<urllib3.connection.HTTPConnection object at 0x7f5beb7a0850>: Failed to resolve 'coldboxx' ([Errno -2] Name or service not known)"))
2025-05-06 15:30:37,392 - Gui.python.logging_config - ERROR - HTTPConnectionPool(host='coldboxx', port=3000): Max retries exceeded with url: / (Caused by NameResolutionError("<urllib3.connection.HTTPConnection object at 0x7f5beb7a0460>: Failed to resolve 'coldboxx' ([Errno -2] Name or service not known)"))
2025-05-06 15:30:37,893 - Gui.python.logging_config - ERROR - HTTPConnectionPool(host='coldboxx', port=3000): Max retries exceeded with url: / (Caused by NameResolutionError("<urllib3.connection.HTTPConnection object at 0x7f5beb7e7df0>: Failed to resolve 'coldboxx' ([Errno -2] Name or service not known)"))
2025-05-06 15:30:38,391 - Gui.python.logging_config - ERROR - HTTPConnectionPool(host='coldboxx', port=3000): Max retries exceeded with url: / (Caused by NameResolutionError("<urllib3.connection.HTTPConnection object at 0x7f5beb799790>: Failed to resolve 'coldboxx' ([Errno -2] Name or service not known)"))
2025-05-06 15:30:38,896 - Gui.python.logging_config - ERROR - HTTPConnectionPool(host='coldboxx', port=3000): Max retries exceeded with url: / (Caused by NameResolutionError("<urllib3.connection.HTTPConnection object at 0x7f5beb7ed2b0>: Failed to resolve 'coldboxx' ([Errno -2] Name or service not known)"))
2025-05-06 15:30:39,395 - Gui.python.logging_config - ERROR - HTTPConnectionPool(host='coldboxx', port=3000): Max retries exceeded with url: / (Caused by NameResolutionError("<urllib3.connection.HTTPConnection object at 0x7f5beb7fd670>: Failed to resolve 'coldboxx' ([Errno -2] Name or service not known)"))
2025-05-06 15:30:39,895 - Gui.python.logging_config - ERROR - HTTPConnectionPool(host='coldboxx', port=3000): Max retries exceeded with url: / (Caused by NameResolutionError("<urllib3.connection.HTTPConnection object at 0x7f5beb799550>: Failed to resolve 'coldboxx' ([Errno -2] Name or service not known)"))
2025-05-06 15:30:40,390 - Gui.python.logging_config - ERROR - HTTPConnectionPool(host='coldboxx', port=3000): Max retries exceeded with url: / (Caused by NameResolutionError("<urllib3.connection.HTTPConnection object at 0x7f5beb7dd490>: Failed to resolve 'coldboxx' ([Errno -2] Name or service not known)"))
2025-05-06 15:30:40,892 - Gui.python.logging_config - ERROR - HTTPConnectionPool(host='coldboxx', port=3000): Max retries exceeded with url: / (Caused by NameResolutionError("<urllib3.connection.HTTPConnection object at 0x7f5beb7dddf0>: Failed to resolve 'coldboxx' ([Errno -2] Name or service not known)"))
2025-05-06 15:30:41,398 - Gui.python.logging_config - ERROR - HTTPConnectionPool(host='coldboxx', port=3000): Max retries exceeded with url: / (Caused by NameResolutionError("<urllib3.connection.HTTPConnection object at 0x7f5beb7a0730>: Failed to resolve 'coldboxx' ([Errno -2] Name or service not known)"))
2025-05-06 15:30:41,896 - Gui.python.logging_config - ERROR - HTTPConnectionPool(host='coldboxx', port=3000): Max retries exceeded with url: / (Caused by NameResolutionError("<urllib3.connection.HTTPConnection object at 0x7f5beb7fd7f0>: Failed to resolve 'coldboxx' ([Errno -2] Name or service not known)"))
2025-05-06 15:30:42,397 - Gui.python.logging_config - ERROR - HTTPConnectionPool(host='coldboxx', port=3000): Max retries exceeded with url: / (Caused by NameResolutionError("<urllib3.connection.HTTPConnection object at 0x7f5beb7a01f0>: Failed to resolve 'coldboxx' ([Errno -2] Name or service not known)"))
2025-05-06 15:30:42,899 - Gui.python.logging_config - ERROR - HTTPConnectionPool(host='coldboxx', port=3000): Max retries exceeded with url: / (Caused by NameResolutionError("<urllib3.connection.HTTPConnection object at 0x7f5beb7ec190>: Failed to resolve 'coldboxx' ([Errno -2] Name or service not known)"))
2025-05-06 15:31:09,017 - Gui.python.logging_config - WARNING - Initialized variables for QtApplication
2025-05-06 15:31:09,018 - Gui.python.logging_config - INFO - Using default theme
2025-05-06 15:31:20,884 - Gui.python.logging_config - ERROR - HTTPConnectionPool(host='coldboxx', port=3000): Max retries exceeded with url: / (Caused by NameResolutionError("<urllib3.connection.HTTPConnection object at 0x7fcae9064b20>: Failed to resolve 'coldboxx' ([Errno -2] Name or service not known)"))
2025-05-06 15:31:21,382 - Gui.python.logging_config - ERROR - HTTPConnectionPool(host='coldboxx', port=3000): Max retries exceeded with url: / (Caused by NameResolutionError("<urllib3.connection.HTTPConnection object at 0x7fcae9056b50>: Failed to resolve 'coldboxx' ([Errno -2] Name or service not known)"))
2025-05-06 15:31:21,883 - Gui.python.logging_config - ERROR - HTTPConnectionPool(host='coldboxx', port=3000): Max retries exceeded with url: / (Caused by NameResolutionError("<urllib3.connection.HTTPConnection object at 0x7fcae90643a0>: Failed to resolve 'coldboxx' ([Errno -2] Name or service not known)"))
2025-05-06 15:31:22,383 - Gui.python.logging_config - ERROR - HTTPConnectionPool(host='coldboxx', port=3000): Max retries exceeded with url: / (Caused by NameResolutionError("<urllib3.connection.HTTPConnection object at 0x7fcae90561f0>: Failed to resolve 'coldboxx' ([Errno -2] Name or service not known)"))
2025-05-06 15:31:22,884 - Gui.python.logging_config - ERROR - HTTPConnectionPool(host='coldboxx', port=3000): Max retries exceeded with url: / (Caused by NameResolutionError("<urllib3.connection.HTTPConnection object at 0x7fcae9044850>: Failed to resolve 'coldboxx' ([Errno -2] Name or service not known)"))
2025-05-06 15:31:23,379 - Gui.python.logging_config - ERROR - HTTPConnectionPool(host='coldboxx', port=3000): Max retries exceeded with url: / (Caused by NameResolutionError("<urllib3.connection.HTTPConnection object at 0x7fcae9000160>: Failed to resolve 'coldboxx' ([Errno -2] Name or service not known)"))
2025-05-06 15:31:23,884 - Gui.python.logging_config - ERROR - HTTPConnectionPool(host='coldboxx', port=3000): Max retries exceeded with url: / (Caused by NameResolutionError("<urllib3.connection.HTTPConnection object at 0x7fcae9000ac0>: Failed to resolve 'coldboxx' ([Errno -2] Name or service not known)"))
2025-05-06 15:31:24,386 - Gui.python.logging_config - ERROR - HTTPConnectionPool(host='coldboxx', port=3000): Max retries exceeded with url: / (Caused by NameResolutionError("<urllib3.connection.HTTPConnection object at 0x7fcae9056520>: Failed to resolve 'coldboxx' ([Errno -2] Name or service not known)"))
2025-05-06 15:31:24,886 - Gui.python.logging_config - ERROR - HTTPConnectionPool(host='coldboxx', port=3000): Max retries exceeded with url: / (Caused by NameResolutionError("<urllib3.connection.HTTPConnection object at 0x7fcae90648e0>: Failed to resolve 'coldboxx' ([Errno -2] Name or service not known)"))
2025-05-06 15:31:25,387 - Gui.python.logging_config - ERROR - HTTPConnectionPool(host='coldboxx', port=3000): Max retries exceeded with url: / (Caused by NameResolutionError("<urllib3.connection.HTTPConnection object at 0x7fcae9000880>: Failed to resolve 'coldboxx' ([Errno -2] Name or service not known)"))
2025-05-06 15:31:25,888 - Gui.python.logging_config - ERROR - HTTPConnectionPool(host='coldboxx', port=3000): Max retries exceeded with url: / (Caused by NameResolutionError("<urllib3.connection.HTTPConnection object at 0x7fcae903e160>: Failed to resolve 'coldboxx' ([Errno -2] Name or service not known)"))
2025-05-06 15:31:26,385 - Gui.python.logging_config - ERROR - HTTPConnectionPool(host='coldboxx', port=3000): Max retries exceeded with url: / (Caused by NameResolutionError("<urllib3.connection.HTTPConnection object at 0x7fcae903eac0>: Failed to resolve 'coldboxx' ([Errno -2] Name or service not known)"))
2025-05-06 15:31:26,890 - Gui.python.logging_config - ERROR - HTTPConnectionPool(host='coldboxx', port=3000): Max retries exceeded with url: / (Caused by NameResolutionError("<urllib3.connection.HTTPConnection object at 0x7fcae9005460>: Failed to resolve 'coldboxx' ([Errno -2] Name or service not known)"))
2025-05-06 15:31:27,390 - Gui.python.logging_config - ERROR - HTTPConnectionPool(host='coldboxx', port=3000): Max retries exceeded with url: / (Caused by NameResolutionError("<urllib3.connection.HTTPConnection object at 0x7fcae903e370>: Failed to resolve 'coldboxx' ([Errno -2] Name or service not known)"))
2025-05-06 15:31:27,891 - Gui.python.logging_config - ERROR - HTTPConnectionPool(host='coldboxx', port=3000): Max retries exceeded with url: / (Caused by NameResolutionError("<urllib3.connection.HTTPConnection object at 0x7fcae90645b0>: Failed to resolve 'coldboxx' ([Errno -2] Name or service not known)"))
2025-05-06 15:31:28,391 - Gui.python.logging_config - ERROR - HTTPConnectionPool(host='coldboxx', port=3000): Max retries exceeded with url: / (Caused by NameResolutionError("<urllib3.connection.HTTPConnection object at 0x7fcae9056700>: Failed to resolve 'coldboxx' ([Errno -2] Name or service not known)"))
2025-05-06 15:31:28,892 - Gui.python.logging_config - ERROR - HTTPConnectionPool(host='coldboxx', port=3000): Max retries exceeded with url: / (Caused by NameResolutionError("<urllib3.connection.HTTPConnection object at 0x7fcae9005ac0>: Failed to resolve 'coldboxx' ([Errno -2] Name or service not known)"))
2025-05-06 15:31:29,391 - Gui.python.logging_config - ERROR - HTTPConnectionPool(host='coldboxx', port=3000): Max retries exceeded with url: / (Caused by NameResolutionError("<urllib3.connection.HTTPConnection object at 0x7fcae9002460>: Failed to resolve 'coldboxx' ([Errno -2] Name or service not known)"))
2025-05-06 15:31:29,895 - Gui.python.logging_config - ERROR - HTTPConnectionPool(host='coldboxx', port=3000): Max retries exceeded with url: / (Caused by NameResolutionError("<urllib3.connection.HTTPConnection object at 0x7fcae9056a30>: Failed to resolve 'coldboxx' ([Errno -2] Name or service not known)"))
2025-05-06 15:31:30,394 - Gui.python.logging_config - ERROR - HTTPConnectionPool(host='coldboxx', port=3000): Max retries exceeded with url: / (Caused by NameResolutionError("<urllib3.connection.HTTPConnection object at 0x7fcae9064730>: Failed to resolve 'coldboxx' ([Errno -2] Name or service not known)"))
2025-05-06 15:31:30,893 - Gui.python.logging_config - ERROR - HTTPConnectionPool(host='coldboxx', port=3000): Max retries exceeded with url: / (Caused by NameResolutionError("<urllib3.connection.HTTPConnection object at 0x7fcae90023d0>: Failed to resolve 'coldboxx' ([Errno -2] Name or service not known)"))
2025-05-06 15:31:31,395 - Gui.python.logging_config - ERROR - HTTPConnectionPool(host='coldboxx', port=3000): Max retries exceeded with url: / (Caused by NameResolutionError("<urllib3.connection.HTTPConnection object at 0x7fcae9048160>: Failed to resolve 'coldboxx' ([Errno -2] Name or service not known)"))
2025-05-06 15:31:31,896 - Gui.python.logging_config - ERROR - HTTPConnectionPool(host='coldboxx', port=3000): Max retries exceeded with url: / (Caused by NameResolutionError("<urllib3.connection.HTTPConnection object at 0x7fcae9048ac0>: Failed to resolve 'coldboxx' ([Errno -2] Name or service not known)"))
2025-05-06 15:31:32,397 - Gui.python.logging_config - ERROR - HTTPConnectionPool(host='coldboxx', port=3000): Max retries exceeded with url: / (Caused by NameResolutionError("<urllib3.connection.HTTPConnection object at 0x7fcae9005c10>: Failed to resolve 'coldboxx' ([Errno -2] Name or service not known)"))
2025-05-06 15:31:32,896 - Gui.python.logging_config - ERROR - HTTPConnectionPool(host='coldboxx', port=3000): Max retries exceeded with url: / (Caused by NameResolutionError("<urllib3.connection.HTTPConnection object at 0x7fcae90646a0>: Failed to resolve 'coldboxx' ([Errno -2] Name or service not known)"))
2025-05-06 15:31:33,398 - Gui.python.logging_config - ERROR - HTTPConnectionPool(host='coldboxx', port=3000): Max retries exceeded with url: / (Caused by NameResolutionError("<urllib3.connection.HTTPConnection object at 0x7fcae9005730>: Failed to resolve 'coldboxx' ([Errno -2] Name or service not known)"))
2025-05-06 15:31:33,899 - Gui.python.logging_config - ERROR - HTTPConnectionPool(host='coldboxx', port=3000): Max retries exceeded with url: / (Caused by NameResolutionError("<urllib3.connection.HTTPConnection object at 0x7fcae90050a0>: Failed to resolve 'coldboxx' ([Errno -2] Name or service not known)"))
2025-05-06 15:31:34,396 - Gui.python.logging_config - ERROR - HTTPConnectionPool(host='coldboxx', port=3000): Max retries exceeded with url: / (Caused by NameResolutionError("<urllib3.connection.HTTPConnection object at 0x7fcae90477c0>: Failed to resolve 'coldboxx' ([Errno -2] Name or service not known)"))
2025-05-06 15:31:34,900 - Gui.python.logging_config - ERROR - HTTPConnectionPool(host='coldboxx', port=3000): Max retries exceeded with url: / (Caused by NameResolutionError("<urllib3.connection.HTTPConnection object at 0x7fcae9050160>: Failed to resolve 'coldboxx' ([Errno -2] Name or service not known)"))
2025-05-06 15:31:35,395 - Gui.python.logging_config - ERROR - HTTPConnectionPool(host='coldboxx', port=3000): Max retries exceeded with url: / (Caused by NameResolutionError("<urllib3.connection.HTTPConnection object at 0x7fcae9050ac0>: Failed to resolve 'coldboxx' ([Errno -2] Name or service not known)"))
2025-05-06 15:31:35,902 - Gui.python.logging_config - ERROR - HTTPConnectionPool(host='coldboxx', port=3000): Max retries exceeded with url: / (Caused by NameResolutionError("<urllib3.connection.HTTPConnection object at 0x7fcae9064370>: Failed to resolve 'coldboxx' ([Errno -2] Name or service not known)"))
2025-05-06 15:31:36,398 - Gui.python.logging_config - ERROR - HTTPConnectionPool(host='coldboxx', port=3000): Max retries exceeded with url: / (Caused by NameResolutionError("<urllib3.connection.HTTPConnection object at 0x7fcae9050520>: Failed to resolve 'coldboxx' ([Errno -2] Name or service not known)"))
2025-05-06 15:31:36,903 - Gui.python.logging_config - ERROR - HTTPConnectionPool(host='coldboxx', port=3000): Max retries exceeded with url: / (Caused by NameResolutionError("<urllib3.connection.HTTPConnection object at 0x7fcae90500d0>: Failed to resolve 'coldboxx' ([Errno -2] Name or service not known)"))
2025-05-06 15:31:37,403 - Gui.python.logging_config - ERROR - HTTPConnectionPool(host='coldboxx', port=3000): Max retries exceeded with url: / (Caused by NameResolutionError("<urllib3.connection.HTTPConnection object at 0x7fcae903e7c0>: Failed to resolve 'coldboxx' ([Errno -2] Name or service not known)"))
2025-05-06 15:31:37,901 - Gui.python.logging_config - ERROR - HTTPConnectionPool(host='coldboxx', port=3000): Max retries exceeded with url: / (Caused by NameResolutionError("<urllib3.connection.HTTPConnection object at 0x7fcae8ffb160>: Failed to resolve 'coldboxx' ([Errno -2] Name or service not known)"))
2025-05-06 15:31:38,406 - Gui.python.logging_config - ERROR - HTTPConnectionPool(host='coldboxx', port=3000): Max retries exceeded with url: / (Caused by NameResolutionError("<urllib3.connection.HTTPConnection object at 0x7fcae8ffbac0>: Failed to resolve 'coldboxx' ([Errno -2] Name or service not known)"))
2025-05-06 15:31:38,906 - Gui.python.logging_config - ERROR - HTTPConnectionPool(host='coldboxx', port=3000): Max retries exceeded with url: / (Caused by NameResolutionError("<urllib3.connection.HTTPConnection object at 0x7fcae9064c10>: Failed to resolve 'coldboxx' ([Errno -2] Name or service not known)"))
2025-05-06 15:31:39,407 - Gui.python.logging_config - ERROR - HTTPConnectionPool(host='coldboxx', port=3000): Max retries exceeded with url: / (Caused by NameResolutionError("<urllib3.connection.HTTPConnection object at 0x7fcae8ffbe20>: Failed to resolve 'coldboxx' ([Errno -2] Name or service not known)"))
2025-05-06 15:31:39,908 - Gui.python.logging_config - ERROR - HTTPConnectionPool(host='coldboxx', port=3000): Max retries exceeded with url: / (Caused by NameResolutionError("<urllib3.connection.HTTPConnection object at 0x7fcae903e280>: Failed to resolve 'coldboxx' ([Errno -2] Name or service not known)"))
2025-05-06 15:31:40,408 - Gui.python.logging_config - ERROR - HTTPConnectionPool(host='coldboxx', port=3000): Max retries exceeded with url: / (Caused by NameResolutionError("<urllib3.connection.HTTPConnection object at 0x7fcae90503a0>: Failed to resolve 'coldboxx' ([Errno -2] Name or service not known)"))
2025-05-06 15:31:40,909 - Gui.python.logging_config - ERROR - HTTPConnectionPool(host='coldboxx', port=3000): Max retries exceeded with url: / (Caused by NameResolutionError("<urllib3.connection.HTTPConnection object at 0x7fcae90506d0>: Failed to resolve 'coldboxx' ([Errno -2] Name or service not known)"))
2025-05-06 15:31:41,405 - Gui.python.logging_config - ERROR - HTTPConnectionPool(host='coldboxx', port=3000): Max retries exceeded with url: / (Caused by NameResolutionError("<urllib3.connection.HTTPConnection object at 0x7fcae90506d0>: Failed to resolve 'coldboxx' ([Errno -2] Name or service not known)"))
2025-05-06 15:31:41,906 - Gui.python.logging_config - ERROR - HTTPConnectionPool(host='coldboxx', port=3000): Max retries exceeded with url: / (Caused by NameResolutionError("<urllib3.connection.HTTPConnection object at 0x7fcae90507c0>: Failed to resolve 'coldboxx' ([Errno -2] Name or service not known)"))
2025-05-06 15:31:42,408 - Gui.python.logging_config - ERROR - HTTPConnectionPool(host='coldboxx', port=3000): Max retries exceeded with url: / (Caused by NameResolutionError("<urllib3.connection.HTTPConnection object at 0x7fcae9064e80>: Failed to resolve 'coldboxx' ([Errno -2] Name or service not known)"))
2025-05-06 15:31:42,912 - Gui.python.logging_config - ERROR - HTTPConnectionPool(host='coldboxx', port=3000): Max retries exceeded with url: / (Caused by NameResolutionError("<urllib3.connection.HTTPConnection object at 0x7fcae9064820>: Failed to resolve 'coldboxx' ([Errno -2] Name or service not known)"))
2025-05-06 15:31:43,412 - Gui.python.logging_config - ERROR - HTTPConnectionPool(host='coldboxx', port=3000): Max retries exceeded with url: / (Caused by NameResolutionError("<urllib3.connection.HTTPConnection object at 0x7fcae9004ac0>: Failed to resolve 'coldboxx' ([Errno -2] Name or service not known)"))
2025-05-06 15:31:43,913 - Gui.python.logging_config - ERROR - HTTPConnectionPool(host='coldboxx', port=3000): Max retries exceeded with url: / (Caused by NameResolutionError("<urllib3.connection.HTTPConnection object at 0x7fcae903e3a0>: Failed to resolve 'coldboxx' ([Errno -2] Name or service not known)"))
2025-05-06 15:31:44,415 - Gui.python.logging_config - ERROR - HTTPConnectionPool(host='coldboxx', port=3000): Max retries exceeded with url: / (Caused by NameResolutionError("<urllib3.connection.HTTPConnection object at 0x7fcae9064490>: Failed to resolve 'coldboxx' ([Errno -2] Name or service not known)"))
2025-05-06 15:31:44,914 - Gui.python.logging_config - ERROR - HTTPConnectionPool(host='coldboxx', port=3000): Max retries exceeded with url: / (Caused by NameResolutionError("<urllib3.connection.HTTPConnection object at 0x7fcae9064f40>: Failed to resolve 'coldboxx' ([Errno -2] Name or service not known)"))
2025-05-06 15:31:45,415 - Gui.python.logging_config - ERROR - HTTPConnectionPool(host='coldboxx', port=3000): Max retries exceeded with url: / (Caused by NameResolutionError("<urllib3.connection.HTTPConnection object at 0x7fcae903e5b0>: Failed to resolve 'coldboxx' ([Errno -2] Name or service not known)"))
2025-05-06 15:31:45,914 - Gui.python.logging_config - ERROR - HTTPConnectionPool(host='coldboxx', port=3000): Max retries exceeded with url: / (Caused by NameResolutionError("<urllib3.connection.HTTPConnection object at 0x7fcae905a160>: Failed to resolve 'coldboxx' ([Errno -2] Name or service not known)"))
2025-05-06 15:31:46,416 - Gui.python.logging_config - ERROR - HTTPConnectionPool(host='coldboxx', port=3000): Max retries exceeded with url: / (Caused by NameResolutionError("<urllib3.connection.HTTPConnection object at 0x7fcae905aac0>: Failed to resolve 'coldboxx' ([Errno -2] Name or service not known)"))
2025-05-06 15:31:46,916 - Gui.python.logging_config - ERROR - HTTPConnectionPool(host='coldboxx', port=3000): Max retries exceeded with url: / (Caused by NameResolutionError("<urllib3.connection.HTTPConnection object at 0x7fcae9050460>: Failed to resolve 'coldboxx' ([Errno -2] Name or service not known)"))
2025-05-06 15:31:47,418 - Gui.python.logging_config - ERROR - HTTPConnectionPool(host='coldboxx', port=3000): Max retries exceeded with url: / (Caused by NameResolutionError("<urllib3.connection.HTTPConnection object at 0x7fcae8ffbbb0>: Failed to resolve 'coldboxx' ([Errno -2] Name or service not known)"))
2025-05-06 15:31:47,912 - Gui.python.logging_config - ERROR - HTTPConnectionPool(host='coldboxx', port=3000): Max retries exceeded with url: / (Caused by NameResolutionError("<urllib3.connection.HTTPConnection object at 0x7fcae9064340>: Failed to resolve 'coldboxx' ([Errno -2] Name or service not known)"))
2025-05-06 15:31:48,418 - Gui.python.logging_config - ERROR - HTTPConnectionPool(host='coldboxx', port=3000): Max retries exceeded with url: / (Caused by NameResolutionError("<urllib3.connection.HTTPConnection object at 0x7fcae9050040>: Failed to resolve 'coldboxx' ([Errno -2] Name or service not known)"))
2025-05-06 15:31:48,918 - Gui.python.logging_config - ERROR - HTTPConnectionPool(host='coldboxx', port=3000): Max retries exceeded with url: / (Caused by NameResolutionError("<urllib3.connection.HTTPConnection object at 0x7fcae905af10>: Failed to resolve 'coldboxx' ([Errno -2] Name or service not known)"))
2025-05-06 15:31:49,419 - Gui.python.logging_config - ERROR - HTTPConnectionPool(host='coldboxx', port=3000): Max retries exceeded with url: / (Caused by NameResolutionError("<urllib3.connection.HTTPConnection object at 0x7fcae905a5b0>: Failed to resolve 'coldboxx' ([Errno -2] Name or service not known)"))
2025-05-06 15:31:49,920 - Gui.python.logging_config - ERROR - HTTPConnectionPool(host='coldboxx', port=3000): Max retries exceeded with url: / (Caused by NameResolutionError("<urllib3.connection.HTTPConnection object at 0x7fcae903e490>: Failed to resolve 'coldboxx' ([Errno -2] Name or service not known)"))
2025-05-06 15:31:50,420 - Gui.python.logging_config - ERROR - HTTPConnectionPool(host='coldboxx', port=3000): Max retries exceeded with url: / (Caused by NameResolutionError("<urllib3.connection.HTTPConnection object at 0x7fcae905ad00>: Failed to resolve 'coldboxx' ([Errno -2] Name or service not known)"))
2025-05-06 15:31:50,921 - Gui.python.logging_config - ERROR - HTTPConnectionPool(host='coldboxx', port=3000): Max retries exceeded with url: / (Caused by NameResolutionError("<urllib3.connection.HTTPConnection object at 0x7fcae9064bb0>: Failed to resolve 'coldboxx' ([Errno -2] Name or service not known)"))
2025-05-06 15:31:51,422 - Gui.python.logging_config - ERROR - HTTPConnectionPool(host='coldboxx', port=3000): Max retries exceeded with url: / (Caused by NameResolutionError("<urllib3.connection.HTTPConnection object at 0x7fcae8ffbca0>: Failed to resolve 'coldboxx' ([Errno -2] Name or service not known)"))
2025-05-06 15:31:51,917 - Gui.python.logging_config - ERROR - HTTPConnectionPool(host='coldboxx', port=3000): Max retries exceeded with url: / (Caused by NameResolutionError("<urllib3.connection.HTTPConnection object at 0x7fcae903eaf0>: Failed to resolve 'coldboxx' ([Errno -2] Name or service not known)"))
2025-05-06 15:31:52,422 - Gui.python.logging_config - ERROR - HTTPConnectionPool(host='coldboxx', port=3000): Max retries exceeded with url: / (Caused by NameResolutionError("<urllib3.connection.HTTPConnection object at 0x7fcae9055490>: Failed to resolve 'coldboxx' ([Errno -2] Name or service not known)"))
2025-05-06 15:31:52,924 - Gui.python.logging_config - ERROR - HTTPConnectionPool(host='coldboxx', port=3000): Max retries exceeded with url: / (Caused by NameResolutionError("<urllib3.connection.HTTPConnection object at 0x7fcae903efa0>: Failed to resolve 'coldboxx' ([Errno -2] Name or service not known)"))
2025-05-06 15:31:53,420 - Gui.python.logging_config - ERROR - HTTPConnectionPool(host='coldboxx', port=3000): Max retries exceeded with url: / (Caused by NameResolutionError("<urllib3.connection.HTTPConnection object at 0x7fcae8ffbfd0>: Failed to resolve 'coldboxx' ([Errno -2] Name or service not known)"))
2025-05-06 15:31:53,924 - Gui.python.logging_config - ERROR - HTTPConnectionPool(host='coldboxx', port=3000): Max retries exceeded with url: / (Caused by NameResolutionError("<urllib3.connection.HTTPConnection object at 0x7fcae9064dc0>: Failed to resolve 'coldboxx' ([Errno -2] Name or service not known)"))
2025-05-06 15:31:54,425 - Gui.python.logging_config - ERROR - HTTPConnectionPool(host='coldboxx', port=3000): Max retries exceeded with url: / (Caused by NameResolutionError("<urllib3.connection.HTTPConnection object at 0x7fcae9064430>: Failed to resolve 'coldboxx' ([Errno -2] Name or service not known)"))
2025-05-06 15:31:54,925 - Gui.python.logging_config - ERROR - HTTPConnectionPool(host='coldboxx', port=3000): Max retries exceeded with url: / (Caused by NameResolutionError("<urllib3.connection.HTTPConnection object at 0x7fcae905a760>: Failed to resolve 'coldboxx' ([Errno -2] Name or service not known)"))
2025-05-06 15:31:55,420 - Gui.python.logging_config - ERROR - HTTPConnectionPool(host='coldboxx', port=3000): Max retries exceeded with url: / (Caused by NameResolutionError("<urllib3.connection.HTTPConnection object at 0x7fcae9055df0>: Failed to resolve 'coldboxx' ([Errno -2] Name or service not known)"))
2025-05-06 15:31:55,927 - Gui.python.logging_config - ERROR - HTTPConnectionPool(host='coldboxx', port=3000): Max retries exceeded with url: / (Caused by NameResolutionError("<urllib3.connection.HTTPConnection object at 0x7fcae905a880>: Failed to resolve 'coldboxx' ([Errno -2] Name or service not known)"))
2025-05-06 15:31:56,427 - Gui.python.logging_config - ERROR - HTTPConnectionPool(host='coldboxx', port=3000): Max retries exceeded with url: / (Caused by NameResolutionError("<urllib3.connection.HTTPConnection object at 0x7fcae9064df0>: Failed to resolve 'coldboxx' ([Errno -2] Name or service not known)"))
2025-05-06 15:31:56,927 - Gui.python.logging_config - ERROR - HTTPConnectionPool(host='coldboxx', port=3000): Max retries exceeded with url: / (Caused by NameResolutionError("<urllib3.connection.HTTPConnection object at 0x7fcae9064ca0>: Failed to resolve 'coldboxx' ([Errno -2] Name or service not known)"))
2025-05-06 15:31:57,427 - Gui.python.logging_config - ERROR - HTTPConnectionPool(host='coldboxx', port=3000): Max retries exceeded with url: / (Caused by NameResolutionError("<urllib3.connection.HTTPConnection object at 0x7fcae9055370>: Failed to resolve 'coldboxx' ([Errno -2] Name or service not known)"))
2025-05-06 15:31:57,929 - Gui.python.logging_config - ERROR - HTTPConnectionPool(host='coldboxx', port=3000): Max retries exceeded with url: / (Caused by NameResolutionError("<urllib3.connection.HTTPConnection object at 0x7fcae9055820>: Failed to resolve 'coldboxx' ([Errno -2] Name or service not known)"))
2025-05-06 15:31:58,429 - Gui.python.logging_config - ERROR - HTTPConnectionPool(host='coldboxx', port=3000): Max retries exceeded with url: / (Caused by NameResolutionError("<urllib3.connection.HTTPConnection object at 0x7fcae903e880>: Failed to resolve 'coldboxx' ([Errno -2] Name or service not known)"))
2025-05-06 15:31:58,931 - Gui.python.logging_config - ERROR - HTTPConnectionPool(host='coldboxx', port=3000): Max retries exceeded with url: / (Caused by NameResolutionError("<urllib3.connection.HTTPConnection object at 0x7fcae8ffb190>: Failed to resolve 'coldboxx' ([Errno -2] Name or service not known)"))
2025-05-06 15:31:59,432 - Gui.python.logging_config - ERROR - HTTPConnectionPool(host='coldboxx', port=3000): Max retries exceeded with url: / (Caused by NameResolutionError("<urllib3.connection.HTTPConnection object at 0x7fcae9064700>: Failed to resolve 'coldboxx' ([Errno -2] Name or service not known)"))
2025-05-06 15:31:59,927 - Gui.python.logging_config - ERROR - HTTPConnectionPool(host='coldboxx', port=3000): Max retries exceeded with url: / (Caused by NameResolutionError("<urllib3.connection.HTTPConnection object at 0x7fcae905ae20>: Failed to resolve 'coldboxx' ([Errno -2] Name or service not known)"))
2025-05-06 15:32:00,430 - Gui.python.logging_config - ERROR - HTTPConnectionPool(host='coldboxx', port=3000): Max retries exceeded with url: / (Caused by NameResolutionError("<urllib3.connection.HTTPConnection object at 0x7fcae903e790>: Failed to resolve 'coldboxx' ([Errno -2] Name or service not known)"))
2025-05-06 15:32:00,933 - Gui.python.logging_config - ERROR - HTTPConnectionPool(host='coldboxx', port=3000): Max retries exceeded with url: / (Caused by NameResolutionError("<urllib3.connection.HTTPConnection object at 0x7fcae9055070>: Failed to resolve 'coldboxx' ([Errno -2] Name or service not known)"))
2025-05-06 15:32:01,435 - Gui.python.logging_config - ERROR - HTTPConnectionPool(host='coldboxx', port=3000): Max retries exceeded with url: / (Caused by NameResolutionError("<urllib3.connection.HTTPConnection object at 0x7fcae9055df0>: Failed to resolve 'coldboxx' ([Errno -2] Name or service not known)"))
2025-05-06 15:32:01,935 - Gui.python.logging_config - ERROR - HTTPConnectionPool(host='coldboxx', port=3000): Max retries exceeded with url: / (Caused by NameResolutionError("<urllib3.connection.HTTPConnection object at 0x7fcae905ac70>: Failed to resolve 'coldboxx' ([Errno -2] Name or service not known)"))
2025-05-06 15:32:02,435 - Gui.python.logging_config - ERROR - HTTPConnectionPool(host='coldboxx', port=3000): Max retries exceeded with url: / (Caused by NameResolutionError("<urllib3.connection.HTTPConnection object at 0x7fcae9064640>: Failed to resolve 'coldboxx' ([Errno -2] Name or service not known)"))
2025-05-06 15:32:02,936 - Gui.python.logging_config - ERROR - HTTPConnectionPool(host='coldboxx', port=3000): Max retries exceeded with url: / (Caused by NameResolutionError("<urllib3.connection.HTTPConnection object at 0x7fcae903e940>: Failed to resolve 'coldboxx' ([Errno -2] Name or service not known)"))
2025-05-06 15:32:03,436 - Gui.python.logging_config - ERROR - HTTPConnectionPool(host='coldboxx', port=3000): Max retries exceeded with url: / (Caused by NameResolutionError("<urllib3.connection.HTTPConnection object at 0x7fcae8ffb070>: Failed to resolve 'coldboxx' ([Errno -2] Name or service not known)"))
2025-05-06 15:32:03,935 - Gui.python.logging_config - ERROR - HTTPConnectionPool(host='coldboxx', port=3000): Max retries exceeded with url: / (Caused by NameResolutionError("<urllib3.connection.HTTPConnection object at 0x7fcae9055c70>: Failed to resolve 'coldboxx' ([Errno -2] Name or service not known)"))
2025-05-06 15:32:04,437 - Gui.python.logging_config - ERROR - HTTPConnectionPool(host='coldboxx', port=3000): Max retries exceeded with url: / (Caused by NameResolutionError("<urllib3.connection.HTTPConnection object at 0x7fcae9055ca0>: Failed to resolve 'coldboxx' ([Errno -2] Name or service not known)"))
2025-05-06 15:32:04,937 - Gui.python.logging_config - ERROR - HTTPConnectionPool(host='coldboxx', port=3000): Max retries exceeded with url: / (Caused by NameResolutionError("<urllib3.connection.HTTPConnection object at 0x7fcae8ffbdc0>: Failed to resolve 'coldboxx' ([Errno -2] Name or service not known)"))
2025-05-06 15:32:05,437 - Gui.python.logging_config - ERROR - HTTPConnectionPool(host='coldboxx', port=3000): Max retries exceeded with url: / (Caused by NameResolutionError("<urllib3.connection.HTTPConnection object at 0x7fcae903ec10>: Failed to resolve 'coldboxx' ([Errno -2] Name or service not known)"))
2025-05-06 15:32:05,939 - Gui.python.logging_config - ERROR - HTTPConnectionPool(host='coldboxx', port=3000): Max retries exceeded with url: / (Caused by NameResolutionError("<urllib3.connection.HTTPConnection object at 0x7fcae9064b80>: Failed to resolve 'coldboxx' ([Errno -2] Name or service not known)"))
2025-05-06 15:32:06,439 - Gui.python.logging_config - ERROR - HTTPConnectionPool(host='coldboxx', port=3000): Max retries exceeded with url: / (Caused by NameResolutionError("<urllib3.connection.HTTPConnection object at 0x7fcae905ac10>: Failed to resolve 'coldboxx' ([Errno -2] Name or service not known)"))
2025-05-06 15:32:06,936 - Gui.python.logging_config - ERROR - HTTPConnectionPool(host='coldboxx', port=3000): Max retries exceeded with url: / (Caused by NameResolutionError("<urllib3.connection.HTTPConnection object at 0x7fcae900f7c0>: Failed to resolve 'coldboxx' ([Errno -2] Name or service not known)"))
2025-05-06 15:32:07,441 - Gui.python.logging_config - ERROR - HTTPConnectionPool(host='coldboxx', port=3000): Max retries exceeded with url: / (Caused by NameResolutionError("<urllib3.connection.HTTPConnection object at 0x7fcae9064dc0>: Failed to resolve 'coldboxx' ([Errno -2] Name or service not known)"))
2025-05-06 15:32:07,941 - Gui.python.logging_config - ERROR - HTTPConnectionPool(host='coldboxx', port=3000): Max retries exceeded with url: / (Caused by NameResolutionError("<urllib3.connection.HTTPConnection object at 0x7fcae9064f40>: Failed to resolve 'coldboxx' ([Errno -2] Name or service not known)"))
2025-05-06 15:32:08,442 - Gui.python.logging_config - ERROR - HTTPConnectionPool(host='coldboxx', port=3000): Max retries exceeded with url: / (Caused by NameResolutionError("<urllib3.connection.HTTPConnection object at 0x7fcae905ad30>: Failed to resolve 'coldboxx' ([Errno -2] Name or service not known)"))
2025-05-06 15:32:08,943 - Gui.python.logging_config - ERROR - HTTPConnectionPool(host='coldboxx', port=3000): Max retries exceeded with url: / (Caused by NameResolutionError("<urllib3.connection.HTTPConnection object at 0x7fcae900fe50>: Failed to resolve 'coldboxx' ([Errno -2] Name or service not known)"))
2025-05-06 15:32:14,832 - Gui.python.logging_config - ERROR - Could not shutdown Peltier: 'NoneType' object has no attribute 'sendCommand'
2025-05-06 15:32:14,838 - Gui.python.logging_config - ERROR - HTTPConnectionPool(host='coldboxx', port=3000): Max retries exceeded with url: / (Caused by NameResolutionError("<urllib3.connection.HTTPConnection object at 0x7fcae905a790>: Failed to resolve 'coldboxx' ([Errno -2] Name or service not known)"))
2025-05-06 15:32:14,841 - Gui.python.logging_config - ERROR - HTTPConnectionPool(host='coldboxx', port=3000): Max retries exceeded with url: / (Caused by NameResolutionError("<urllib3.connection.HTTPConnection object at 0x7fcae9064670>: Failed to resolve 'coldboxx' ([Errno -2] Name or service not known)"))
2025-05-06 15:32:14,843 - Gui.python.logging_config - ERROR - HTTPConnectionPool(host='coldboxx', port=3000): Max retries exceeded with url: / (Caused by NameResolutionError("<urllib3.connection.HTTPConnection object at 0x7fcae9064d90>: Failed to resolve 'coldboxx' ([Errno -2] Name or service not known)"))
2025-05-06 15:32:14,846 - Gui.python.logging_config - ERROR - HTTPConnectionPool(host='coldboxx', port=3000): Max retries exceeded with url: / (Caused by NameResolutionError("<urllib3.connection.HTTPConnection object at 0x7fcae90545e0>: Failed to resolve 'coldboxx' ([Errno -2] Name or service not known)"))
2025-05-06 15:32:14,848 - Gui.python.logging_config - ERROR - HTTPConnectionPool(host='coldboxx', port=3000): Max retries exceeded with url: / (Caused by NameResolutionError("<urllib3.connection.HTTPConnection object at 0x7fcae9054f40>: Failed to resolve 'coldboxx' ([Errno -2] Name or service not known)"))
2025-05-06 15:32:14,850 - Gui.python.logging_config - ERROR - HTTPConnectionPool(host='coldboxx', port=3000): Max retries exceeded with url: / (Caused by NameResolutionError("<urllib3.connection.HTTPConnection object at 0x7fcae9064610>: Failed to resolve 'coldboxx' ([Errno -2] Name or service not known)"))
2025-05-06 15:32:14,852 - Gui.python.logging_config - ERROR - HTTPConnectionPool(host='coldboxx', port=3000): Max retries exceeded with url: / (Caused by NameResolutionError("<urllib3.connection.HTTPConnection object at 0x7fcae9064fa0>: Failed to resolve 'coldboxx' ([Errno -2] Name or service not known)"))
2025-05-06 15:32:14,854 - Gui.python.logging_config - ERROR - HTTPConnectionPool(host='coldboxx', port=3000): Max retries exceeded with url: / (Caused by NameResolutionError("<urllib3.connection.HTTPConnection object at 0x7fcae905a7f0>: Failed to resolve 'coldboxx' ([Errno -2] Name or service not known)"))
2025-05-06 15:32:14,857 - Gui.python.logging_config - ERROR - HTTPConnectionPool(host='coldboxx', port=3000): Max retries exceeded with url: / (Caused by NameResolutionError("<urllib3.connection.HTTPConnection object at 0x7fcae905a3a0>: Failed to resolve 'coldboxx' ([Errno -2] Name or service not known)"))
2025-05-06 15:32:14,859 - Gui.python.logging_config - ERROR - HTTPConnectionPool(host='coldboxx', port=3000): Max retries exceeded with url: / (Caused by NameResolutionError("<urllib3.connection.HTTPConnection object at 0x7fcae900cf40>: Failed to resolve 'coldboxx' ([Errno -2] Name or service not known)"))
2025-05-06 15:32:14,861 - Gui.python.logging_config - ERROR - HTTPConnectionPool(host='coldboxx', port=3000): Max retries exceeded with url: / (Caused by NameResolutionError("<urllib3.connection.HTTPConnection object at 0x7fcae90488e0>: Failed to resolve 'coldboxx' ([Errno -2] Name or service not known)"))
2025-05-06 19:38:19,739 - Gui.python.logging_config - WARNING - Initialized variables for QtApplication
2025-05-06 19:38:19,741 - Gui.python.logging_config - INFO - Using default theme
2025-05-06 19:38:25,382 - Gui.python.logging_config - ERROR - Could not shutdown Peltier: 'QtApplication' object has no attribute 'SimpleMain'
2025-05-06 21:08:49,758 - Gui.python.logging_config - WARNING - Initialized variables for QtApplication
2025-05-06 21:08:49,760 - Gui.python.logging_config - INFO - Using default theme
2025-05-06 21:08:52,249 - Gui.python.logging_config - ERROR - Could not shutdown Peltier: 'QtApplication' object has no attribute 'SimpleMain'
